_id,sample_id,experiment_reference,experiment_id,lab,replicate,replicate_group,replicate_group_string,strain,strain_name,standard_type,control_type,media_type,inducer_type,inducer_concentration,inducer_concentration_unit,sample_contents,temperature,temperature_unit,timepoint,timepoint_unit,aliquot_id,flow_rate_uL/min,date_of_experiment,TX_plate_name,TX_project_name,TX_sample_name,total_counts,flow_volume,cells/mL
5f4944f14cdb4c31a9d69c78,sample.duke_haase.89172460e95a11eaa54bacde48001122.experiment.duke_haase.ethanol_20200826_FLOW,Duke-YeastSTATES-Ethanol-Time-Series-LiveDeadClassification,experiment.duke_haase.ethanol_20200826_FLOW,duke_haase,1,666b6eebaca1bd861412b3ec5308f741f2fe0ded,"S288c_a | 22.0 | [0.5] | {""Ethanol"": [12.5], ""Media"": [""YEPD""], ""Sytox"": [250.0], ""Sytox_color"": [""orange""]} | FLOW | NO_STANDARD_TYPE",S288c_a,S288c_Mat-A,,,,Ethanol,12.5,%,"['Ethanol|12.5|%', 'Media|YEPD|NA', 'Sytox_color|orange|NA', 'Sytox|250.0|nM']",22.0,celsius,0.5,hour,,25,26-Aug-2020,NA,live_dead_ethanol_08262020,S288c,30000,48000,625000.0
5f494501b0a32058fb1906e7,sample.duke_haase.89172b5ee95a11eaa54bacde48001122.experiment.duke_haase.ethanol_20200826_FLOW,Duke-YeastSTATES-Ethanol-Time-Series-LiveDeadClassification,experiment.duke_haase.ethanol_20200826_FLOW,duke_haase,1,a4691dd5c5f067e627e64743b0954605680b9178,"S288c_a | 22.0 | [1.0] | {""Ethanol"": [12.5], ""Media"": [""YEPD""], ""Sytox"": [250.0], ""Sytox_color"": [""orange""]} | FLOW | NO_STANDARD_TYPE",S288c_a,S288c_Mat-A,,,,Ethanol,12.5,%,"['Ethanol|12.5|%', 'Media|YEPD|NA', 'Sytox_color|orange|NA', 'Sytox|250.0|nM']",22.0,celsius,1.0,hour,,100,26-Aug-2020,NA,live_dead_ethanol_08262020,S288c,30000,44000,681818.18182
5f494511b7ad216718dfb8f7,sample.duke_haase.891730eae95a11eaa54bacde48001122.experiment.duke_haase.ethanol_20200826_FLOW,Duke-YeastSTATES-Ethanol-Time-Series-LiveDeadClassification,experiment.duke_haase.ethanol_20200826_FLOW,duke_haase,1,be8dbacdd7b20861aa3642c20116c6a3ad516344,"S288c_a | 22.0 | [1.5] | {""Ethanol"": [12.5], ""Media"": [""YEPD""], ""Sytox"": [250.0], ""Sytox_color"": [""orange""]} | FLOW | NO_STANDARD_TYPE",S288c_a,S288c_Mat-A,,,,Ethanol,12.5,%,"['Ethanol|12.5|%', 'Media|YEPD|NA', 'Sytox_color|orange|NA', 'Sytox|250.0|nM']",22.0,celsius,1.5,hour,,100,26-Aug-2020,NA,live_dead_ethanol_08262020,S288c,30000,44000,681818.18182
5f494520af3ae5f3ab0918d0,sample.duke_haase.8917364ee95a11eaa54bacde48001122.experiment.duke_haase.ethanol_20200826_FLOW,Duke-YeastSTATES-Ethanol-Time-Series-LiveDeadClassification,experiment.duke_haase.ethanol_20200826_FLOW,duke_haase,1,be4a52a35c29ec1f2ff84c496ea277c5920db2a1,"S288c_a | 22.0 | [2.0] | {""Ethanol"": [12.5], ""Media"": [""YEPD""], ""Sytox"": [250.0], ""Sytox_color"": [""orange""]} | FLOW | NO_STANDARD_TYPE",S288c_a,S288c_Mat-A,,,,Ethanol,12.5,%,"['Ethanol|12.5|%', 'Media|YEPD|NA', 'Sytox_color|orange|NA', 'Sytox|250.0|nM']",22.0,celsius,2.0,hour,,100,26-Aug-2020,NA,live_dead_ethanol_08262020,S288c,30000,44000,681818.18182
5f4945311a897bbc3e4c6005,sample.duke_haase.89173b9ee95a11eaa54bacde48001122.experiment.duke_haase.ethanol_20200826_FLOW,Duke-YeastSTATES-Ethanol-Time-Series-LiveDeadClassification,experiment.duke_haase.ethanol_20200826_FLOW,duke_haase,1,185e4080fd433b90a6f41b5b693a0040881143e5,"S288c_a | 22.0 | [2.5] | {""Ethanol"": [12.5], ""Media"": [""YEPD""], ""Sytox"": [250.0], ""Sytox_color"": [""orange""]} | FLOW | NO_STANDARD_TYPE",S288c_a,S288c_Mat-A,,,,Ethanol,12.5,%,"['Ethanol|12.5|%', 'Media|YEPD|NA', 'Sytox_color|orange|NA', 'Sytox|250.0|nM']",22.0,celsius,2.5,hour,,100,26-Aug-2020,NA,live_dead_ethanol_08262020,S288c,30000,46000,652173.91304
5f494541a5829f025aa5919a,sample.duke_haase.8917413ee95a11eaa54bacde48001122.experiment.duke_haase.ethanol_20200826_FLOW,Duke-YeastSTATES-Ethanol-Time-Series-LiveDeadClassification,experiment.duke_haase.ethanol_20200826_FLOW,duke_haase,1,37413507de305f9b594497ef40b418e67e69149f,"S288c_a | 22.0 | [3.0] | {""Ethanol"": [12.5], ""Media"": [""YEPD""], ""Sytox"": [250.0], ""Sytox_color"": [""orange""]} | FLOW | NO_STANDARD_TYPE",S288c_a,S288c_Mat-A,,,,Ethanol,12.5,%,"['Ethanol|12.5|%', 'Media|YEPD|NA', 'Sytox_color|orange|NA', 'Sytox|250.0|nM']",22.0,celsius,3.0,hour,,100,26-Aug-2020,NA,live_dead_ethanol_08262020,S288c,30000,44000,681818.18182
5f4945519ef426431b6df506,sample.duke_haase.89174738e95a11eaa54bacde48001122.experiment.duke_haase.ethanol_20200826_FLOW,Duke-YeastSTATES-Ethanol-Time-Series-LiveDeadClassification,experiment.duke_haase.ethanol_20200826_FLOW,duke_haase,1,850aab633ead3f3cadc989140ac20c84a8155185,"S288c_a | 22.0 | [3.5] | {""Ethanol"": [12.5], ""Media"": [""YEPD""], ""Sytox"": [250.0], ""Sytox_color"": [""orange""]} | FLOW | NO_STANDARD_TYPE",S288c_a,S288c_Mat-A,,,,Ethanol,12.5,%,"['Ethanol|12.5|%', 'Media|YEPD|NA', 'Sytox_color|orange|NA', 'Sytox|250.0|nM']",22.0,celsius,3.5,hour,,100,26-Aug-2020,NA,live_dead_ethanol_08262020,S288c,30000,43000,697674.4186
5f4945611a80a51030b57d49,sample.duke_haase.89174cb0e95a11eaa54bacde48001122.experiment.duke_haase.ethanol_20200826_FLOW,Duke-YeastSTATES-Ethanol-Time-Series-LiveDeadClassification,experiment.duke_haase.ethanol_20200826_FLOW,duke_haase,1,4c44dbe92de79cf7106bf076fda83899b820e0c1,"S288c_a | 22.0 | [4.0] | {""Ethanol"": [12.5], ""Media"": [""YEPD""], ""Sytox"": [250.0], ""Sytox_color"": [""orange""]} | FLOW | NO_STANDARD_TYPE",S288c_a,S288c_Mat-A,,,,Ethanol,12.5,%,"['Ethanol|12.5|%', 'Media|YEPD|NA', 'Sytox_color|orange|NA', 'Sytox|250.0|nM']",22.0,celsius,4.0,hour,,100,26-Aug-2020,NA,live_dead_ethanol_08262020,S288c,30000,43000,697674.4186
5f49457012b813fe5690a188,sample.duke_haase.8917520ae95a11eaa54bacde48001122.experiment.duke_haase.ethanol_20200826_FLOW,Duke-YeastSTATES-Ethanol-Time-Series-LiveDeadClassification,experiment.duke_haase.ethanol_20200826_FLOW,duke_haase,1,4f4d908f3b1bda289215abffad9739d9a8bf92cb,"S288c_a | 22.0 | [4.5] | {""Ethanol"": [12.5], ""Media"": [""YEPD""], ""Sytox"": [250.0], ""Sytox_color"": [""orange""]} | FLOW | NO_STANDARD_TYPE",S288c_a,S288c_Mat-A,,,,Ethanol,12.5,%,"['Ethanol|12.5|%', 'Media|YEPD|NA', 'Sytox_color|orange|NA', 'Sytox|250.0|nM']",22.0,celsius,4.5,hour,,100,26-Aug-2020,NA,live_dead_ethanol_08262020,S288c,30000,44000,681818.18182
5f49457b5a41f53a71381c7f,sample.duke_haase.8917575ae95a11eaa54bacde48001122.experiment.duke_haase.ethanol_20200826_FLOW,Duke-YeastSTATES-Ethanol-Time-Series-LiveDeadClassification,experiment.duke_haase.ethanol_20200826_FLOW,duke_haase,1,f7600ac349fb23a481e640c3f1df36645c4d56c6,"S288c_a | 22.0 | [5.0] | {""Ethanol"": [12.5], ""Media"": [""YEPD""], ""Sytox"": [250.0], ""Sytox_color"": [""orange""]} | FLOW | NO_STANDARD_TYPE",S288c_a,S288c_Mat-A,,,,Ethanol,12.5,%,"['Ethanol|12.5|%', 'Media|YEPD|NA', 'Sytox_color|orange|NA', 'Sytox|250.0|nM']",22.0,celsius,5.0,hour,,100,26-Aug-2020,NA,live_dead_ethanol_08262020,S288c,30000,42000,714285.71429
5f49458a333e59ae08adf675,sample.duke_haase.89175caae95a11eaa54bacde48001122.experiment.duke_haase.ethanol_20200826_FLOW,Duke-YeastSTATES-Ethanol-Time-Series-LiveDeadClassification,experiment.duke_haase.ethanol_20200826_FLOW,duke_haase,1,669ce2431a6cb0a763f7dbbbc06ebc3485ff5509,"S288c_a | 22.0 | [5.5] | {""Ethanol"": [12.5], ""Media"": [""YEPD""], ""Sytox"": [250.0], ""Sytox_color"": [""orange""]} | FLOW | NO_STANDARD_TYPE",S288c_a,S288c_Mat-A,,,,Ethanol,12.5,%,"['Ethanol|12.5|%', 'Media|YEPD|NA', 'Sytox_color|orange|NA', 'Sytox|250.0|nM']",22.0,celsius,5.5,hour,,100,26-Aug-2020,NA,live_dead_ethanol_08262020,S288c,30000,42000,714285.71429
5f49459a042daa90b6fb0ae0,sample.duke_haase.891762a4e95a11eaa54bacde48001122.experiment.duke_haase.ethanol_20200826_FLOW,Duke-YeastSTATES-Ethanol-Time-Series-LiveDeadClassification,experiment.duke_haase.ethanol_20200826_FLOW,duke_haase,1,245f72f46536a338c547b5dd5ac2558268794b1f,"S288c_a | 22.0 | [6.0] | {""Ethanol"": [12.5], ""Media"": [""YEPD""], ""Sytox"": [250.0], ""Sytox_color"": [""orange""]} | FLOW | NO_STANDARD_TYPE",S288c_a,S288c_Mat-A,,,,Ethanol,12.5,%,"['Ethanol|12.5|%', 'Media|YEPD|NA', 'Sytox_color|orange|NA', 'Sytox|250.0|nM']",22.0,celsius,6.0,hour,,100,26-Aug-2020,NA,live_dead_ethanol_08262020,S288c,30000,43000,697674.4186
5f4945a93cfe11db8572aeb4,sample.duke_haase.89176812e95a11eaa54bacde48001122.experiment.duke_haase.ethanol_20200826_FLOW,Duke-YeastSTATES-Ethanol-Time-Series-LiveDeadClassification,experiment.duke_haase.ethanol_20200826_FLOW,duke_haase,1,fc23ac7317d7206253cb98e2268990c43401ce9c,"S288c_a | 22.0 | [0.5] | {""Ethanol"": [12.5], ""Media"": [""YEPD""]} | FLOW | NO_STANDARD_TYPE",S288c_a,S288c_Mat-A,,,,Ethanol,12.5,%,"['Ethanol|12.5|%', 'Media|YEPD|NA']",22.0,celsius,0.5,hour,,25,26-Aug-2020,NA,live_dead_ethanol_08262020,S288c,12710,19000,668947.36842
5f4945b9b968dd1c1c162a92,sample.duke_haase.89176d76e95a11eaa54bacde48001122.experiment.duke_haase.ethanol_20200826_FLOW,Duke-YeastSTATES-Ethanol-Time-Series-LiveDeadClassification,experiment.duke_haase.ethanol_20200826_FLOW,duke_haase,1,db39b335113a129214912a40b4869efdfe39e196,"S288c_a | 22.0 | [1.0] | {""Ethanol"": [12.5], ""Media"": [""YEPD""]} | FLOW | NO_STANDARD_TYPE",S288c_a,S288c_Mat-A,,,,Ethanol,12.5,%,"['Ethanol|12.5|%', 'Media|YEPD|NA']",22.0,celsius,1.0,hour,,100,26-Aug-2020,NA,live_dead_ethanol_08262020,S288c,30000,43000,697674.4186
5f4945c8a87ffc9acde76354,sample.duke_haase.891772c6e95a11eaa54bacde48001122.experiment.duke_haase.ethanol_20200826_FLOW,Duke-YeastSTATES-Ethanol-Time-Series-LiveDeadClassification,experiment.duke_haase.ethanol_20200826_FLOW,duke_haase,1,377b80709edf19ec0450789d2c18c2c47529f0f7,"S288c_a | 22.0 | [1.5] | {""Ethanol"": [12.5], ""Media"": [""YEPD""]} | FLOW | NO_STANDARD_TYPE",S288c_a,S288c_Mat-A,,,,Ethanol,12.5,%,"['Ethanol|12.5|%', 'Media|YEPD|NA']",22.0,celsius,1.5,hour,,100,26-Aug-2020,NA,live_dead_ethanol_08262020,S288c,30000,42000,714285.71429
5f4945dd5ad93597f5562e79,sample.duke_haase.89177816e95a11eaa54bacde48001122.experiment.duke_haase.ethanol_20200826_FLOW,Duke-YeastSTATES-Ethanol-Time-Series-LiveDeadClassification,experiment.duke_haase.ethanol_20200826_FLOW,duke_haase,1,c5c1bb0b33bb39641edb4e59a341e61b6ca706f7,"S288c_a | 22.0 | [2.0] | {""Ethanol"": [12.5], ""Media"": [""YEPD""]} | FLOW | NO_STANDARD_TYPE",S288c_a,S288c_Mat-A,,,,Ethanol,12.5,%,"['Ethanol|12.5|%', 'Media|YEPD|NA']",22.0,celsius,2.0,hour,,100,26-Aug-2020,NA,live_dead_ethanol_08262020,S288c,30000,45000,666666.66667
5f4945f2060206552733f510,sample.duke_haase.89177d66e95a11eaa54bacde48001122.experiment.duke_haase.ethanol_20200826_FLOW,Duke-YeastSTATES-Ethanol-Time-Series-LiveDeadClassification,experiment.duke_haase.ethanol_20200826_FLOW,duke_haase,1,869d52f6117d09872445ae2fe19b01d6b4534163,"S288c_a | 22.0 | [2.5] | {""Ethanol"": [12.5], ""Media"": [""YEPD""]} | FLOW | NO_STANDARD_TYPE",S288c_a,S288c_Mat-A,,,,Ethanol,12.5,%,"['Ethanol|12.5|%', 'Media|YEPD|NA']",22.0,celsius,2.5,hour,,100,26-Aug-2020,NA,live_dead_ethanol_08262020,S288c,30000,42000,714285.71429
5f4945e77e2a41c96d51c186,sample.duke_haase.891782b6e95a11eaa54bacde48001122.experiment.duke_haase.ethanol_20200826_FLOW,Duke-YeastSTATES-Ethanol-Time-Series-LiveDeadClassification,experiment.duke_haase.ethanol_20200826_FLOW,duke_haase,1,0142eb8979095288b822dd2938084bbc0504bae7,"S288c_a | 22.0 | [3.0] | {""Ethanol"": [12.5], ""Media"": [""YEPD""]} | FLOW | NO_STANDARD_TYPE",S288c_a,S288c_Mat-A,,,,Ethanol,12.5,%,"['Ethanol|12.5|%', 'Media|YEPD|NA']",22.0,celsius,3.0,hour,,100,26-Aug-2020,NA,live_dead_ethanol_08262020,S288c,30000,42000,714285.71429
5f49460cd57d292fad3f9163,sample.duke_haase.89178806e95a11eaa54bacde48001122.experiment.duke_haase.ethanol_20200826_FLOW,Duke-YeastSTATES-Ethanol-Time-Series-LiveDeadClassification,experiment.duke_haase.ethanol_20200826_FLOW,duke_haase,1,002779a9061eae72fd64ff15f0615f59cc58b2b6,"S288c_a | 22.0 | [3.5] | {""Ethanol"": [12.5], ""Media"": [""YEPD""]} | FLOW | NO_STANDARD_TYPE",S288c_a,S288c_Mat-A,,,,Ethanol,12.5,%,"['Ethanol|12.5|%', 'Media|YEPD|NA']",22.0,celsius,3.5,hour,,100,26-Aug-2020,NA,live_dead_ethanol_08262020,S288c,30000,44000,681818.18182
5f49461cb41130cb1ddc874b,sample.duke_haase.89178d60e95a11eaa54bacde48001122.experiment.duke_haase.ethanol_20200826_FLOW,Duke-YeastSTATES-Ethanol-Time-Series-LiveDeadClassification,experiment.duke_haase.ethanol_20200826_FLOW,duke_haase,1,01b532eafae4294cb5fdd0519a602bc13cc560d9,"S288c_a | 22.0 | [4.0] | {""Ethanol"": [12.5], ""Media"": [""YEPD""]} | FLOW | NO_STANDARD_TYPE",S288c_a,S288c_Mat-A,,,,Ethanol,12.5,%,"['Ethanol|12.5|%', 'Media|YEPD|NA']",22.0,celsius,4.0,hour,,100,26-Aug-2020,NA,live_dead_ethanol_08262020,S288c,30000,42000,714285.71429
5f49462cade75f8f6a6ffdbd,sample.duke_haase.891792bae95a11eaa54bacde48001122.experiment.duke_haase.ethanol_20200826_FLOW,Duke-YeastSTATES-Ethanol-Time-Series-LiveDeadClassification,experiment.duke_haase.ethanol_20200826_FLOW,duke_haase,1,a4b71e29419a0b8e175e1e26e00ac842cb812725,"S288c_a | 22.0 | [4.5] | {""Ethanol"": [12.5], ""Media"": [""YEPD""]} | FLOW | NO_STANDARD_TYPE",S288c_a,S288c_Mat-A,,,,Ethanol,12.5,%,"['Ethanol|12.5|%', 'Media|YEPD|NA']",22.0,celsius,4.5,hour,,100,26-Aug-2020,NA,live_dead_ethanol_08262020,S288c,30000,43000,697674.4186
5f49463bdbebbcdacf1aaa4e,sample.duke_haase.89179814e95a11eaa54bacde48001122.experiment.duke_haase.ethanol_20200826_FLOW,Duke-YeastSTATES-Ethanol-Time-Series-LiveDeadClassification,experiment.duke_haase.ethanol_20200826_FLOW,duke_haase,1,b75c3535fdc2d0c9489cfd562859b39861e2fe17,"S288c_a | 22.0 | [5.0] | {""Ethanol"": [12.5], ""Media"": [""YEPD""]} | FLOW | NO_STANDARD_TYPE",S288c_a,S288c_Mat-A,,,,Ethanol,12.5,%,"['Ethanol|12.5|%', 'Media|YEPD|NA']",22.0,celsius,5.0,hour,,100,26-Aug-2020,NA,live_dead_ethanol_08262020,S288c,30000,42000,714285.71429
5f4946466b6e9055b04cd7b5,sample.duke_haase.89179d6ee95a11eaa54bacde48001122.experiment.duke_haase.ethanol_20200826_FLOW,Duke-YeastSTATES-Ethanol-Time-Series-LiveDeadClassification,experiment.duke_haase.ethanol_20200826_FLOW,duke_haase,1,d5d9562431545017a4d3b95524926dc88fb2c785,"S288c_a | 22.0 | [5.5] | {""Ethanol"": [12.5], ""Media"": [""YEPD""]} | FLOW | NO_STANDARD_TYPE",S288c_a,S288c_Mat-A,,,,Ethanol,12.5,%,"['Ethanol|12.5|%', 'Media|YEPD|NA']",22.0,celsius,5.5,hour,,100,26-Aug-2020,NA,live_dead_ethanol_08262020,S288c,30000,40000,750000.0
5f4946558ae6a1859bbb8c31,sample.duke_haase.8917a2bee95a11eaa54bacde48001122.experiment.duke_haase.ethanol_20200826_FLOW,Duke-YeastSTATES-Ethanol-Time-Series-LiveDeadClassification,experiment.duke_haase.ethanol_20200826_FLOW,duke_haase,1,08df0ad743c8e5693644e8cf9058868243907a7e,"S288c_a | 22.0 | [6.0] | {""Ethanol"": [12.5], ""Media"": [""YEPD""]} | FLOW | NO_STANDARD_TYPE",S288c_a,S288c_Mat-A,,,,Ethanol,12.5,%,"['Ethanol|12.5|%', 'Media|YEPD|NA']",22.0,celsius,6.0,hour,,100,26-Aug-2020,NA,live_dead_ethanol_08262020,S288c,30000,46000,652173.91304
5f49466bb908b4aa1dc9d8b6,sample.duke_haase.89181244e95a11eaa54bacde48001122.experiment.duke_haase.ethanol_20200826_FLOW,Duke-YeastSTATES-Ethanol-Time-Series-LiveDeadClassification,experiment.duke_haase.ethanol_20200826_FLOW,duke_haase,4,975162f96bc886f5a7e8e4f35d03e761b5d69744,"beads_spherotech_rainbow | 22.0 | [] | {""Media"": [""YEPD""]} | FLOW | BEAD_FLUORESCENCE",beads_spherotech_rainbow,Fluorescent_beads,BEAD_FLUORESCENCE,,,,,,['Media|YEPD|NA'],22.0,celsius,,,,100,26-Aug-2020,NA,live_dead_ethanol_08262020,BEADS,30000,40000,750000.0
5f638be7e36965c8327bef86,sample.duke_haase.07fc153cf8ed11eabb87acde48001122.experiment.duke_haase.ethanol_20200911_FLOW,Duke-YeastSTATES-Ethanol-Time-Series-LiveDeadClassification,experiment.duke_haase.ethanol_20200911_FLOW,duke_haase,1,ecb0a7966a9389f24cbaf81b2bc0ce1851cfc4b6,"S288c_a | 22.0 | [0.5] | {""Ethanol"": [15.0], ""Media"": [""YEPD""], ""Sytox"": [250.0], ""Sytox_color"": [""orange""]} | FLOW | NO_STANDARD_TYPE",S288c_a,S288c_Mat-A,,,,Ethanol,15.0,%,"['Ethanol|15.0|%', 'Media|YEPD|NA', 'Sytox_color|orange|NA', 'Sytox|250.0|nM']",22.0,celsius,0.5,hour,,25,11-Sep-2020,NA,live_dead_ethanol_09112020,S288c,30000,9000,3333333.33333
5f638b7e06f37531659f8cad,sample.duke_haase.07fc1b72f8ed11eabb87acde48001122.experiment.duke_haase.ethanol_20200911_FLOW,Duke-YeastSTATES-Ethanol-Time-Series-LiveDeadClassification,experiment.duke_haase.ethanol_20200911_FLOW,duke_haase,1,a7f9b2aa35993f79ea250735a4894d625208fc28,"S288c_a | 22.0 | [1.0] | {""Ethanol"": [15.0], ""Media"": [""YEPD""], ""Sytox"": [250.0], ""Sytox_color"": [""orange""]} | FLOW | NO_STANDARD_TYPE",S288c_a,S288c_Mat-A,,,,Ethanol,15.0,%,"['Ethanol|15.0|%', 'Media|YEPD|NA', 'Sytox_color|orange|NA', 'Sytox|250.0|nM']",22.0,celsius,1.0,hour,,25,11-Sep-2020,NA,live_dead_ethanol_09112020,S288c,30000,9000,3333333.33333
5f638bb22ec70ff38ee0087f,sample.duke_haase.07fc21a8f8ed11eabb87acde48001122.experiment.duke_haase.ethanol_20200911_FLOW,Duke-YeastSTATES-Ethanol-Time-Series-LiveDeadClassification,experiment.duke_haase.ethanol_20200911_FLOW,duke_haase,1,4687ae0d59b496d277426085528bbc7d15380459,"S288c_a | 22.0 | [1.5] | {""Ethanol"": [15.0], ""Media"": [""YEPD""], ""Sytox"": [250.0], ""Sytox_color"": [""orange""]} | FLOW | NO_STANDARD_TYPE",S288c_a,S288c_Mat-A,,,,Ethanol,15.0,%,"['Ethanol|15.0|%', 'Media|YEPD|NA', 'Sytox_color|orange|NA', 'Sytox|250.0|nM']",22.0,celsius,1.5,hour,,25,11-Sep-2020,NA,live_dead_ethanol_09112020,S288c,30000,9000,3333333.33333
5f638bbd42ff7bb36522496a,sample.duke_haase.07fc2734f8ed11eabb87acde48001122.experiment.duke_haase.ethanol_20200911_FLOW,Duke-YeastSTATES-Ethanol-Time-Series-LiveDeadClassification,experiment.duke_haase.ethanol_20200911_FLOW,duke_haase,1,22276235144abe0838038e63e2f876253345bb45,"S288c_a | 22.0 | [2.0] | {""Ethanol"": [15.0], ""Media"": [""YEPD""], ""Sytox"": [250.0], ""Sytox_color"": [""orange""]} | FLOW | NO_STANDARD_TYPE",S288c_a,S288c_Mat-A,,,,Ethanol,15.0,%,"['Ethanol|15.0|%', 'Media|YEPD|NA', 'Sytox_color|orange|NA', 'Sytox|250.0|nM']",22.0,celsius,2.0,hour,,100,11-Sep-2020,NA,live_dead_ethanol_09112020,S288c,30000,69000,434782.6087
5f638bf14922fa60055051f1,sample.duke_haase.07fc2ca2f8ed11eabb87acde48001122.experiment.duke_haase.ethanol_20200911_FLOW,Duke-YeastSTATES-Ethanol-Time-Series-LiveDeadClassification,experiment.duke_haase.ethanol_20200911_FLOW,duke_haase,1,3672c90dfc66f565be2ba9b80ad0f4e14150993a,"S288c_a | 22.0 | [2.5] | {""Ethanol"": [15.0], ""Media"": [""YEPD""], ""Sytox"": [250.0], ""Sytox_color"": [""orange""]} | FLOW | NO_STANDARD_TYPE",S288c_a,S288c_Mat-A,,,,Ethanol,15.0,%,"['Ethanol|15.0|%', 'Media|YEPD|NA', 'Sytox_color|orange|NA', 'Sytox|250.0|nM']",22.0,celsius,2.5,hour,,25,11-Sep-2020,NA,live_dead_ethanol_09112020,S288c,30000,9000,3333333.33333
5f638b920ec34da70c6cf9e8,sample.duke_haase.07fc31fcf8ed11eabb87acde48001122.experiment.duke_haase.ethanol_20200911_FLOW,Duke-YeastSTATES-Ethanol-Time-Series-LiveDeadClassification,experiment.duke_haase.ethanol_20200911_FLOW,duke_haase,1,0b2fdac45f4299a17986c7853821a7ed98e985f4,"S288c_a | 22.0 | [3.0] | {""Ethanol"": [15.0], ""Media"": [""YEPD""], ""Sytox"": [250.0], ""Sytox_color"": [""orange""]} | FLOW | NO_STANDARD_TYPE",S288c_a,S288c_Mat-A,,,,Ethanol,15.0,%,"['Ethanol|15.0|%', 'Media|YEPD|NA', 'Sytox_color|orange|NA', 'Sytox|250.0|nM']",22.0,celsius,3.0,hour,,25,11-Sep-2020,NA,live_dead_ethanol_09112020,S288c,30000,9000,3333333.33333
5f638bdc57795ae46816711e,sample.duke_haase.07fc3742f8ed11eabb87acde48001122.experiment.duke_haase.ethanol_20200911_FLOW,Duke-YeastSTATES-Ethanol-Time-Series-LiveDeadClassification,experiment.duke_haase.ethanol_20200911_FLOW,duke_haase,1,0aa68ab978f1195a231b7d45aa98a4b10eba5402,"S288c_a | 22.0 | [3.5] | {""Ethanol"": [15.0], ""Media"": [""YEPD""], ""Sytox"": [250.0], ""Sytox_color"": [""orange""]} | FLOW | NO_STANDARD_TYPE",S288c_a,S288c_Mat-A,,,,Ethanol,15.0,%,"['Ethanol|15.0|%', 'Media|YEPD|NA', 'Sytox_color|orange|NA', 'Sytox|250.0|nM']",22.0,celsius,3.5,hour,,25,11-Sep-2020,NA,live_dead_ethanol_09112020,S288c,30000,9000,3333333.33333
5f638ba2e89ddcff64369675,sample.duke_haase.07fc3c92f8ed11eabb87acde48001122.experiment.duke_haase.ethanol_20200911_FLOW,Duke-YeastSTATES-Ethanol-Time-Series-LiveDeadClassification,experiment.duke_haase.ethanol_20200911_FLOW,duke_haase,1,9f4d3cc16f2f96aefd4449e3d0bf3bc39ce32c17,"S288c_a | 22.0 | [4.0] | {""Ethanol"": [15.0], ""Media"": [""YEPD""], ""Sytox"": [250.0], ""Sytox_color"": [""orange""]} | FLOW | NO_STANDARD_TYPE",S288c_a,S288c_Mat-A,,,,Ethanol,15.0,%,"['Ethanol|15.0|%', 'Media|YEPD|NA', 'Sytox_color|orange|NA', 'Sytox|250.0|nM']",22.0,celsius,4.0,hour,,25,11-Sep-2020,NA,live_dead_ethanol_09112020,S288c,30000,9000,3333333.33333
5f638bfc909f893d34225ce1,sample.duke_haase.07fc41e2f8ed11eabb87acde48001122.experiment.duke_haase.ethanol_20200911_FLOW,Duke-YeastSTATES-Ethanol-Time-Series-LiveDeadClassification,experiment.duke_haase.ethanol_20200911_FLOW,duke_haase,1,7e85da15e47f829415fc7daf918bd8946dc5bb38,"S288c_a | 22.0 | [4.5] | {""Ethanol"": [15.0], ""Media"": [""YEPD""], ""Sytox"": [250.0], ""Sytox_color"": [""orange""]} | FLOW | NO_STANDARD_TYPE",S288c_a,S288c_Mat-A,,,,Ethanol,15.0,%,"['Ethanol|15.0|%', 'Media|YEPD|NA', 'Sytox_color|orange|NA', 'Sytox|250.0|nM']",22.0,celsius,4.5,hour,,25,11-Sep-2020,NA,live_dead_ethanol_09112020,S288c,30000,9000,3333333.33333
5f638bc291ad606362c61b28,sample.duke_haase.07fc4728f8ed11eabb87acde48001122.experiment.duke_haase.ethanol_20200911_FLOW,Duke-YeastSTATES-Ethanol-Time-Series-LiveDeadClassification,experiment.duke_haase.ethanol_20200911_FLOW,duke_haase,1,ee689a40be627bae89c43890a672feb4a4adf0a4,"S288c_a | 22.0 | [5.0] | {""Ethanol"": [15.0], ""Media"": [""YEPD""], ""Sytox"": [250.0], ""Sytox_color"": [""orange""]} | FLOW | NO_STANDARD_TYPE",S288c_a,S288c_Mat-A,,,,Ethanol,15.0,%,"['Ethanol|15.0|%', 'Media|YEPD|NA', 'Sytox_color|orange|NA', 'Sytox|250.0|nM']",22.0,celsius,5.0,hour,,25,11-Sep-2020,NA,live_dead_ethanol_09112020,S288c,30000,9000,3333333.33333
5f638bc79a5579ab30fd1b7b,sample.duke_haase.07fc4c78f8ed11eabb87acde48001122.experiment.duke_haase.ethanol_20200911_FLOW,Duke-YeastSTATES-Ethanol-Time-Series-LiveDeadClassification,experiment.duke_haase.ethanol_20200911_FLOW,duke_haase,1,0c2a4dcae55c57ad21384144b523b437bb48ef40,"S288c_a | 22.0 | [5.5] | {""Ethanol"": [15.0], ""Media"": [""YEPD""], ""Sytox"": [250.0], ""Sytox_color"": [""orange""]} | FLOW | NO_STANDARD_TYPE",S288c_a,S288c_Mat-A,,,,Ethanol,15.0,%,"['Ethanol|15.0|%', 'Media|YEPD|NA', 'Sytox_color|orange|NA', 'Sytox|250.0|nM']",22.0,celsius,5.5,hour,,25,11-Sep-2020,NA,live_dead_ethanol_09112020,S288c,30000,9000,3333333.33333
5f638b830379e324c7136154,sample.duke_haase.07fc51bef8ed11eabb87acde48001122.experiment.duke_haase.ethanol_20200911_FLOW,Duke-YeastSTATES-Ethanol-Time-Series-LiveDeadClassification,experiment.duke_haase.ethanol_20200911_FLOW,duke_haase,1,c721f81a44799f18e0a823b9ee51428171aefccf,"S288c_a | 22.0 | [6.0] | {""Ethanol"": [15.0], ""Media"": [""YEPD""], ""Sytox"": [250.0], ""Sytox_color"": [""orange""]} | FLOW | NO_STANDARD_TYPE",S288c_a,S288c_Mat-A,,,,Ethanol,15.0,%,"['Ethanol|15.0|%', 'Media|YEPD|NA', 'Sytox_color|orange|NA', 'Sytox|250.0|nM']",22.0,celsius,6.0,hour,,25,11-Sep-2020,NA,live_dead_ethanol_09112020,S288c,30000,9000,3333333.33333
5f638be1963b7e045672ca7e,sample.duke_haase.07fc5704f8ed11eabb87acde48001122.experiment.duke_haase.ethanol_20200911_FLOW,Duke-YeastSTATES-Ethanol-Time-Series-LiveDeadClassification,experiment.duke_haase.ethanol_20200911_FLOW,duke_haase,1,6c14818ffc4606bd608626678227ffe79ea2f0e8,"S288c_a | 22.0 | [0.5] | {""Ethanol"": [15.0], ""Media"": [""YEPD""]} | FLOW | NO_STANDARD_TYPE",S288c_a,S288c_Mat-A,,,,Ethanol,15.0,%,"['Ethanol|15.0|%', 'Media|YEPD|NA']",22.0,celsius,0.5,hour,,25,11-Sep-2020,NA,live_dead_ethanol_09112020,S288c,30000,5000,6000000.0
5f638bd2fa6c403580655b7e,sample.duke_haase.07fc5c54f8ed11eabb87acde48001122.experiment.duke_haase.ethanol_20200911_FLOW,Duke-YeastSTATES-Ethanol-Time-Series-LiveDeadClassification,experiment.duke_haase.ethanol_20200911_FLOW,duke_haase,1,368df1989a958c105781fa1d487c2a5de40666fd,"S288c_a | 22.0 | [1.0] | {""Ethanol"": [15.0], ""Media"": [""YEPD""]} | FLOW | NO_STANDARD_TYPE",S288c_a,S288c_Mat-A,,,,Ethanol,15.0,%,"['Ethanol|15.0|%', 'Media|YEPD|NA']",22.0,celsius,1.0,hour,,25,11-Sep-2020,NA,live_dead_ethanol_09112020,S288c,30000,9000,3333333.33333
5f638b7905d7542df17c7dd6,sample.duke_haase.07fc61a4f8ed11eabb87acde48001122.experiment.duke_haase.ethanol_20200911_FLOW,Duke-YeastSTATES-Ethanol-Time-Series-LiveDeadClassification,experiment.duke_haase.ethanol_20200911_FLOW,duke_haase,1,30255d205db8bb3a3f7c6af94f6028ecae2cd407,"S288c_a | 22.0 | [1.5] | {""Ethanol"": [15.0], ""Media"": [""YEPD""]} | FLOW | NO_STANDARD_TYPE",S288c_a,S288c_Mat-A,,,,Ethanol,15.0,%,"['Ethanol|15.0|%', 'Media|YEPD|NA']",22.0,celsius,1.5,hour,,25,11-Sep-2020,NA,live_dead_ethanol_09112020,S288c,30000,9000,3333333.33333
5f638badb826977b925ab7a3,sample.duke_haase.07fc66eaf8ed11eabb87acde48001122.experiment.duke_haase.ethanol_20200911_FLOW,Duke-YeastSTATES-Ethanol-Time-Series-LiveDeadClassification,experiment.duke_haase.ethanol_20200911_FLOW,duke_haase,1,aa19f2011ba96e126433d0b2ae7285d8edebbaae,"S288c_a | 22.0 | [2.0] | {""Ethanol"": [15.0], ""Media"": [""YEPD""]} | FLOW | NO_STANDARD_TYPE",S288c_a,S288c_Mat-A,,,,Ethanol,15.0,%,"['Ethanol|15.0|%', 'Media|YEPD|NA']",22.0,celsius,2.0,hour,,100,11-Sep-2020,NA,live_dead_ethanol_09112020,S288c,30000,59000,508474.57627
5f638bd7a3d6756f85d52d55,sample.duke_haase.07fc6c3af8ed11eabb87acde48001122.experiment.duke_haase.ethanol_20200911_FLOW,Duke-YeastSTATES-Ethanol-Time-Series-LiveDeadClassification,experiment.duke_haase.ethanol_20200911_FLOW,duke_haase,1,41aee72492b4315214a3a75abd2b0126bbc5c46a,"S288c_a | 22.0 | [2.5] | {""Ethanol"": [15.0], ""Media"": [""YEPD""]} | FLOW | NO_STANDARD_TYPE",S288c_a,S288c_Mat-A,,,,Ethanol,15.0,%,"['Ethanol|15.0|%', 'Media|YEPD|NA']",22.0,celsius,2.5,hour,,25,11-Sep-2020,NA,live_dead_ethanol_09112020,S288c,30000,9000,3333333.33333
5f638b7334842d65bd361bef,sample.duke_haase.07fc7180f8ed11eabb87acde48001122.experiment.duke_haase.ethanol_20200911_FLOW,Duke-YeastSTATES-Ethanol-Time-Series-LiveDeadClassification,experiment.duke_haase.ethanol_20200911_FLOW,duke_haase,1,ba7fd50b84c7dfe7b3050ecbe331ac4002729153,"S288c_a | 22.0 | [3.0] | {""Ethanol"": [15.0], ""Media"": [""YEPD""]} | FLOW | NO_STANDARD_TYPE",S288c_a,S288c_Mat-A,,,,Ethanol,15.0,%,"['Ethanol|15.0|%', 'Media|YEPD|NA']",22.0,celsius,3.0,hour,,25,11-Sep-2020,NA,live_dead_ethanol_09112020,S288c,30000,9000,3333333.33333
5f638b8d0f438bb5e28d2450,sample.duke_haase.07fc76c6f8ed11eabb87acde48001122.experiment.duke_haase.ethanol_20200911_FLOW,Duke-YeastSTATES-Ethanol-Time-Series-LiveDeadClassification,experiment.duke_haase.ethanol_20200911_FLOW,duke_haase,1,f53a675a1494c96eba12ba949ae5c3fac307d695,"S288c_a | 22.0 | [3.5] | {""Ethanol"": [15.0], ""Media"": [""YEPD""]} | FLOW | NO_STANDARD_TYPE",S288c_a,S288c_Mat-A,,,,Ethanol,15.0,%,"['Ethanol|15.0|%', 'Media|YEPD|NA']",22.0,celsius,3.5,hour,,25,11-Sep-2020,NA,live_dead_ethanol_09112020,S288c,30000,9000,3333333.33333
5f638bb8404d618ed09829fc,sample.duke_haase.07fc7cb6f8ed11eabb87acde48001122.experiment.duke_haase.ethanol_20200911_FLOW,Duke-YeastSTATES-Ethanol-Time-Series-LiveDeadClassification,experiment.duke_haase.ethanol_20200911_FLOW,duke_haase,1,bac5f775e7424db1b2924ce272d2fafee3a862fd,"S288c_a | 22.0 | [4.0] | {""Ethanol"": [15.0], ""Media"": [""YEPD""]} | FLOW | NO_STANDARD_TYPE",S288c_a,S288c_Mat-A,,,,Ethanol,15.0,%,"['Ethanol|15.0|%', 'Media|YEPD|NA']",22.0,celsius,4.0,hour,,25,11-Sep-2020,NA,live_dead_ethanol_09112020,S288c,30000,9000,3333333.33333
5f638b9d00b1a3c624178781,sample.duke_haase.07fc81a2f8ed11eabb87acde48001122.experiment.duke_haase.ethanol_20200911_FLOW,Duke-YeastSTATES-Ethanol-Time-Series-LiveDeadClassification,experiment.duke_haase.ethanol_20200911_FLOW,duke_haase,1,46e2dc47e4bd8e7ba729261c61f0fb619216d6aa,"S288c_a | 22.0 | [4.5] | {""Ethanol"": [15.0], ""Media"": [""YEPD""]} | FLOW | NO_STANDARD_TYPE",S288c_a,S288c_Mat-A,,,,Ethanol,15.0,%,"['Ethanol|15.0|%', 'Media|YEPD|NA']",22.0,celsius,4.5,hour,,25,11-Sep-2020,NA,live_dead_ethanol_09112020,S288c,30000,9000,3333333.33333
5f638bcc3ae95941531aa010,sample.duke_haase.07fc86f2f8ed11eabb87acde48001122.experiment.duke_haase.ethanol_20200911_FLOW,Duke-YeastSTATES-Ethanol-Time-Series-LiveDeadClassification,experiment.duke_haase.ethanol_20200911_FLOW,duke_haase,1,2aa8c80bdccaf32792806962d1f2ea0498982964,"S288c_a | 22.0 | [5.0] | {""Ethanol"": [15.0], ""Media"": [""YEPD""]} | FLOW | NO_STANDARD_TYPE",S288c_a,S288c_Mat-A,,,,Ethanol,15.0,%,"['Ethanol|15.0|%', 'Media|YEPD|NA']",22.0,celsius,5.0,hour,,25,11-Sep-2020,NA,live_dead_ethanol_09112020,S288c,30000,9000,3333333.33333
5f638b881ccc666f54cbf9db,sample.duke_haase.07fc8c38f8ed11eabb87acde48001122.experiment.duke_haase.ethanol_20200911_FLOW,Duke-YeastSTATES-Ethanol-Time-Series-LiveDeadClassification,experiment.duke_haase.ethanol_20200911_FLOW,duke_haase,1,9db53e19e29d7158f7307d4ffbe1fad4ef3ddbcd,"S288c_a | 22.0 | [5.5] | {""Ethanol"": [15.0], ""Media"": [""YEPD""]} | FLOW | NO_STANDARD_TYPE",S288c_a,S288c_Mat-A,,,,Ethanol,15.0,%,"['Ethanol|15.0|%', 'Media|YEPD|NA']",22.0,celsius,5.5,hour,,25,11-Sep-2020,NA,live_dead_ethanol_09112020,S288c,30000,9000,3333333.33333
5f638ba8fe02281b5ae6d93f,sample.duke_haase.07fc917ef8ed11eabb87acde48001122.experiment.duke_haase.ethanol_20200911_FLOW,Duke-YeastSTATES-Ethanol-Time-Series-LiveDeadClassification,experiment.duke_haase.ethanol_20200911_FLOW,duke_haase,1,18e578d267ad49ff1d5bb945c7c4f7ef75a79d41,"S288c_a | 22.0 | [6.0] | {""Ethanol"": [15.0], ""Media"": [""YEPD""]} | FLOW | NO_STANDARD_TYPE",S288c_a,S288c_Mat-A,,,,Ethanol,15.0,%,"['Ethanol|15.0|%', 'Media|YEPD|NA']",22.0,celsius,6.0,hour,,25,11-Sep-2020,NA,live_dead_ethanol_09112020,S288c,30000,9000,3333333.33333
5f638bec944ad0d18eab07ab,sample.duke_haase.07fcca5ef8ed11eabb87acde48001122.experiment.duke_haase.ethanol_20200911_FLOW,Duke-YeastSTATES-Ethanol-Time-Series-LiveDeadClassification,experiment.duke_haase.ethanol_20200911_FLOW,duke_haase,1,975162f96bc886f5a7e8e4f35d03e761b5d69744,"beads_spherotech_rainbow | 22.0 | [] | {""Media"": [""YEPD""]} | FLOW | BEAD_FLUORESCENCE",beads_spherotech_rainbow,Fluorescent_beads,BEAD_FLUORESCENCE,,,,,,['Media|YEPD|NA'],22.0,celsius,,,,25,11-Sep-2020,NA,live_dead_ethanol_09112020,BEADS,30000,37000,810810.81081
5f638c1f7f928efbdec7b67b,sample.duke_haase.4730f154f8ee11ea87a3acde48001122.experiment.duke_haase.ethanol_20200915_FLOW,Duke-YeastSTATES-Ethanol-Time-Series-LiveDeadClassification,experiment.duke_haase.ethanol_20200915_FLOW,duke_haase,1,443ed89507d18f774602cdae87d80ffeded48874,"S288c_a | 22.0 | [0.5] | {""Ethanol"": [10.0], ""Media"": [""YEPD""], ""Sytox"": [250.0], ""Sytox_color"": [""orange""]} | FLOW | NO_STANDARD_TYPE",S288c_a,S288c_Mat-A,,,,Ethanol,10.0,%,"['Ethanol|10.0|%', 'Media|YEPD|NA', 'Sytox_color|orange|NA', 'Sytox|250.0|nM']",22.0,celsius,0.5,hour,,25,15-Sep-2020,NA,live_dead_ethanol_09152020,S288c,30000,15000,2000000.0
5f638c1f7f928efbdec7b681,sample.duke_haase.4730f85cf8ee11ea87a3acde48001122.experiment.duke_haase.ethanol_20200915_FLOW,Duke-YeastSTATES-Ethanol-Time-Series-LiveDeadClassification,experiment.duke_haase.ethanol_20200915_FLOW,duke_haase,1,fef6b40a08a494b52f66df91892d7115e7e10b02,"S288c_a | 22.0 | [1.0] | {""Ethanol"": [10.0], ""Media"": [""YEPD""], ""Sytox"": [250.0], ""Sytox_color"": [""orange""]} | FLOW | NO_STANDARD_TYPE",S288c_a,S288c_Mat-A,,,,Ethanol,10.0,%,"['Ethanol|10.0|%', 'Media|YEPD|NA', 'Sytox_color|orange|NA', 'Sytox|250.0|nM']",22.0,celsius,1.0,hour,,25,15-Sep-2020,NA,live_dead_ethanol_09152020,S288c,30000,15000,2000000.0
5f638c02d9d5e6f631a6d462,sample.duke_haase.4730fdcaf8ee11ea87a3acde48001122.experiment.duke_haase.ethanol_20200915_FLOW,Duke-YeastSTATES-Ethanol-Time-Series-LiveDeadClassification,experiment.duke_haase.ethanol_20200915_FLOW,duke_haase,1,83e33ab426d4a5f9850724c4f8e38fdd418d5aae,"S288c_a | 22.0 | [1.5] | {""Ethanol"": [10.0], ""Media"": [""YEPD""], ""Sytox"": [250.0], ""Sytox_color"": [""orange""]} | FLOW | NO_STANDARD_TYPE",S288c_a,S288c_Mat-A,,,,Ethanol,10.0,%,"['Ethanol|10.0|%', 'Media|YEPD|NA', 'Sytox_color|orange|NA', 'Sytox|250.0|nM']",22.0,celsius,1.5,hour,,25,15-Sep-2020,NA,live_dead_ethanol_09152020,S288c,30000,14000,2142857.14286
5f638c207f928efbdec7b68c,sample.duke_haase.47310324f8ee11ea87a3acde48001122.experiment.duke_haase.ethanol_20200915_FLOW,Duke-YeastSTATES-Ethanol-Time-Series-LiveDeadClassification,experiment.duke_haase.ethanol_20200915_FLOW,duke_haase,1,b74c105f57a1e8d6c89ff5b061e619454685f1e9,"S288c_a | 22.0 | [2.0] | {""Ethanol"": [10.0], ""Media"": [""YEPD""], ""Sytox"": [250.0], ""Sytox_color"": [""orange""]} | FLOW | NO_STANDARD_TYPE",S288c_a,S288c_Mat-A,,,,Ethanol,10.0,%,"['Ethanol|10.0|%', 'Media|YEPD|NA', 'Sytox_color|orange|NA', 'Sytox|250.0|nM']",22.0,celsius,2.0,hour,,25,15-Sep-2020,NA,live_dead_ethanol_09152020,S288c,30000,15000,2000000.0
5f638c217f928efbdec7b692,sample.duke_haase.47310874f8ee11ea87a3acde48001122.experiment.duke_haase.ethanol_20200915_FLOW,Duke-YeastSTATES-Ethanol-Time-Series-LiveDeadClassification,experiment.duke_haase.ethanol_20200915_FLOW,duke_haase,1,f60d7c040a584335417cba973515113eabd4a868,"S288c_a | 22.0 | [2.5] | {""Ethanol"": [10.0], ""Media"": [""YEPD""], ""Sytox"": [250.0], ""Sytox_color"": [""orange""]} | FLOW | NO_STANDARD_TYPE",S288c_a,S288c_Mat-A,,,,Ethanol,10.0,%,"['Ethanol|10.0|%', 'Media|YEPD|NA', 'Sytox_color|orange|NA', 'Sytox|250.0|nM']",22.0,celsius,2.5,hour,,25,15-Sep-2020,NA,live_dead_ethanol_09152020,S288c,30000,15000,2000000.0
5f638c217f928efbdec7b698,sample.duke_haase.47310dcef8ee11ea87a3acde48001122.experiment.duke_haase.ethanol_20200915_FLOW,Duke-YeastSTATES-Ethanol-Time-Series-LiveDeadClassification,experiment.duke_haase.ethanol_20200915_FLOW,duke_haase,1,4316bfd95bbe2d36560ee3487e101b51d7b80fda,"S288c_a | 22.0 | [3.0] | {""Ethanol"": [10.0], ""Media"": [""YEPD""], ""Sytox"": [250.0], ""Sytox_color"": [""orange""]} | FLOW | NO_STANDARD_TYPE",S288c_a,S288c_Mat-A,,,,Ethanol,10.0,%,"['Ethanol|10.0|%', 'Media|YEPD|NA', 'Sytox_color|orange|NA', 'Sytox|250.0|nM']",22.0,celsius,3.0,hour,,25,15-Sep-2020,NA,live_dead_ethanol_09152020,S288c,30000,17000,1764705.88235
5f638c227f928efbdec7b69e,sample.duke_haase.4731131ef8ee11ea87a3acde48001122.experiment.duke_haase.ethanol_20200915_FLOW,Duke-YeastSTATES-Ethanol-Time-Series-LiveDeadClassification,experiment.duke_haase.ethanol_20200915_FLOW,duke_haase,1,e75c85ffc95f5e3b187cbd2b8d318ae0d3d39549,"S288c_a | 22.0 | [3.5] | {""Ethanol"": [10.0], ""Media"": [""YEPD""], ""Sytox"": [250.0], ""Sytox_color"": [""orange""]} | FLOW | NO_STANDARD_TYPE",S288c_a,S288c_Mat-A,,,,Ethanol,10.0,%,"['Ethanol|10.0|%', 'Media|YEPD|NA', 'Sytox_color|orange|NA', 'Sytox|250.0|nM']",22.0,celsius,3.5,hour,,25,15-Sep-2020,NA,live_dead_ethanol_09152020,S288c,30000,15000,2000000.0
5f638c12ba242b169dc78b98,sample.duke_haase.47311864f8ee11ea87a3acde48001122.experiment.duke_haase.ethanol_20200915_FLOW,Duke-YeastSTATES-Ethanol-Time-Series-LiveDeadClassification,experiment.duke_haase.ethanol_20200915_FLOW,duke_haase,1,771917aecb33654da9ef5aadd532c1e2da20ee0a,"S288c_a | 22.0 | [4.0] | {""Ethanol"": [10.0], ""Media"": [""YEPD""], ""Sytox"": [250.0], ""Sytox_color"": [""orange""]} | FLOW | NO_STANDARD_TYPE",S288c_a,S288c_Mat-A,,,,Ethanol,10.0,%,"['Ethanol|10.0|%', 'Media|YEPD|NA', 'Sytox_color|orange|NA', 'Sytox|250.0|nM']",22.0,celsius,4.0,hour,,25,15-Sep-2020,NA,live_dead_ethanol_09152020,S288c,30000,15000,2000000.0
5f638c237f928efbdec7b6a9,sample.duke_haase.47311db4f8ee11ea87a3acde48001122.experiment.duke_haase.ethanol_20200915_FLOW,Duke-YeastSTATES-Ethanol-Time-Series-LiveDeadClassification,experiment.duke_haase.ethanol_20200915_FLOW,duke_haase,1,1eda7eb8ec5a0fb2d275befb7e945bff81fa9d72,"S288c_a | 22.0 | [4.5] | {""Ethanol"": [10.0], ""Media"": [""YEPD""], ""Sytox"": [250.0], ""Sytox_color"": [""orange""]} | FLOW | NO_STANDARD_TYPE",S288c_a,S288c_Mat-A,,,,Ethanol,10.0,%,"['Ethanol|10.0|%', 'Media|YEPD|NA', 'Sytox_color|orange|NA', 'Sytox|250.0|nM']",22.0,celsius,4.5,hour,,25,15-Sep-2020,NA,live_dead_ethanol_09152020,S288c,30000,15000,2000000.0
5f638c247f928efbdec7b6af,sample.duke_haase.47312304f8ee11ea87a3acde48001122.experiment.duke_haase.ethanol_20200915_FLOW,Duke-YeastSTATES-Ethanol-Time-Series-LiveDeadClassification,experiment.duke_haase.ethanol_20200915_FLOW,duke_haase,1,840ad28fca781bef557e8212b0d6bbf392f4efc4,"S288c_a | 22.0 | [5.0] | {""Ethanol"": [10.0], ""Media"": [""YEPD""], ""Sytox"": [250.0], ""Sytox_color"": [""orange""]} | FLOW | NO_STANDARD_TYPE",S288c_a,S288c_Mat-A,,,,Ethanol,10.0,%,"['Ethanol|10.0|%', 'Media|YEPD|NA', 'Sytox_color|orange|NA', 'Sytox|250.0|nM']",22.0,celsius,5.0,hour,,100,15-Sep-2020,NA,live_dead_ethanol_09152020,S288c,30000,17000,1764705.88235
5f638c247f928efbdec7b6b5,sample.duke_haase.47312854f8ee11ea87a3acde48001122.experiment.duke_haase.ethanol_20200915_FLOW,Duke-YeastSTATES-Ethanol-Time-Series-LiveDeadClassification,experiment.duke_haase.ethanol_20200915_FLOW,duke_haase,1,ae13498779590e5db37d8518bff31820cb4a47cd,"S288c_a | 22.0 | [5.5] | {""Ethanol"": [10.0], ""Media"": [""YEPD""], ""Sytox"": [250.0], ""Sytox_color"": [""orange""]} | FLOW | NO_STANDARD_TYPE",S288c_a,S288c_Mat-A,,,,Ethanol,10.0,%,"['Ethanol|10.0|%', 'Media|YEPD|NA', 'Sytox_color|orange|NA', 'Sytox|250.0|nM']",22.0,celsius,5.5,hour,,100,15-Sep-2020,NA,live_dead_ethanol_09152020,S288c,30000,17000,1764705.88235
5f638c0d14305d5a058c25d4,sample.duke_haase.47312daef8ee11ea87a3acde48001122.experiment.duke_haase.ethanol_20200915_FLOW,Duke-YeastSTATES-Ethanol-Time-Series-LiveDeadClassification,experiment.duke_haase.ethanol_20200915_FLOW,duke_haase,1,c1a64f6b236e5a753be50d8cc56dedf65272911a,"S288c_a | 22.0 | [6.0] | {""Ethanol"": [10.0], ""Media"": [""YEPD""], ""Sytox"": [250.0], ""Sytox_color"": [""orange""]} | FLOW | NO_STANDARD_TYPE",S288c_a,S288c_Mat-A,,,,Ethanol,10.0,%,"['Ethanol|10.0|%', 'Media|YEPD|NA', 'Sytox_color|orange|NA', 'Sytox|250.0|nM']",22.0,celsius,6.0,hour,,100,15-Sep-2020,NA,live_dead_ethanol_09152020,S288c,30000,18000,1666666.66667
5f638c079a370334edd1c67c,sample.duke_haase.473132fef8ee11ea87a3acde48001122.experiment.duke_haase.ethanol_20200915_FLOW,Duke-YeastSTATES-Ethanol-Time-Series-LiveDeadClassification,experiment.duke_haase.ethanol_20200915_FLOW,duke_haase,1,3b7942820c8b68882d17249b777d5d37a7a3e3fd,"S288c_a | 22.0 | [0.5] | {""Ethanol"": [10.0], ""Media"": [""YEPD""]} | FLOW | NO_STANDARD_TYPE",S288c_a,S288c_Mat-A,,,,Ethanol,10.0,%,"['Ethanol|10.0|%', 'Media|YEPD|NA']",22.0,celsius,0.5,hour,,25,15-Sep-2020,NA,live_dead_ethanol_09152020,S288c,30000,15000,2000000.0
5f638c267f928efbdec7b6c5,sample.duke_haase.4731384ef8ee11ea87a3acde48001122.experiment.duke_haase.ethanol_20200915_FLOW,Duke-YeastSTATES-Ethanol-Time-Series-LiveDeadClassification,experiment.duke_haase.ethanol_20200915_FLOW,duke_haase,1,a11fd35e7558aaeab9af2e1999a0cea1ee6510ae,"S288c_a | 22.0 | [1.0] | {""Ethanol"": [10.0], ""Media"": [""YEPD""]} | FLOW | NO_STANDARD_TYPE",S288c_a,S288c_Mat-A,,,,Ethanol,10.0,%,"['Ethanol|10.0|%', 'Media|YEPD|NA']",22.0,celsius,1.0,hour,,25,15-Sep-2020,NA,live_dead_ethanol_09152020,S288c,30000,16000,1875000.0
5f638c277f928efbdec7b6cb,sample.duke_haase.47313d9ef8ee11ea87a3acde48001122.experiment.duke_haase.ethanol_20200915_FLOW,Duke-YeastSTATES-Ethanol-Time-Series-LiveDeadClassification,experiment.duke_haase.ethanol_20200915_FLOW,duke_haase,1,8d96f9ebc299cdaf834564252fcaa46ee9817109,"S288c_a | 22.0 | [1.5] | {""Ethanol"": [10.0], ""Media"": [""YEPD""]} | FLOW | NO_STANDARD_TYPE",S288c_a,S288c_Mat-A,,,,Ethanol,10.0,%,"['Ethanol|10.0|%', 'Media|YEPD|NA']",22.0,celsius,1.5,hour,,25,15-Sep-2020,NA,live_dead_ethanol_09152020,S288c,30000,24000,1250000.0
5f638c277f928efbdec7b6d1,sample.duke_haase.47314212f8ee11ea87a3acde48001122.experiment.duke_haase.ethanol_20200915_FLOW,Duke-YeastSTATES-Ethanol-Time-Series-LiveDeadClassification,experiment.duke_haase.ethanol_20200915_FLOW,duke_haase,1,6e808b31bdf868d1fe8bb10b4e4b5f4623f87f53,"S288c_a | 22.0 | [2.0] | {""Ethanol"": [10.0], ""Media"": [""YEPD""]} | FLOW | NO_STANDARD_TYPE",S288c_a,S288c_Mat-A,,,,Ethanol,10.0,%,"['Ethanol|10.0|%', 'Media|YEPD|NA']",22.0,celsius,2.0,hour,,25,15-Sep-2020,NA,live_dead_ethanol_09152020,S288c,30000,15000,2000000.0
5f638c287f928efbdec7b6d7,sample.duke_haase.4731476cf8ee11ea87a3acde48001122.experiment.duke_haase.ethanol_20200915_FLOW,Duke-YeastSTATES-Ethanol-Time-Series-LiveDeadClassification,experiment.duke_haase.ethanol_20200915_FLOW,duke_haase,1,6c5545ac3a14691b5cc642c62a5f0751d4a7d6c7,"S288c_a | 22.0 | [2.5] | {""Ethanol"": [10.0], ""Media"": [""YEPD""]} | FLOW | NO_STANDARD_TYPE",S288c_a,S288c_Mat-A,,,,Ethanol,10.0,%,"['Ethanol|10.0|%', 'Media|YEPD|NA']",22.0,celsius,2.5,hour,,25,15-Sep-2020,NA,live_dead_ethanol_09152020,S288c,30000,15000,2000000.0
5f638c287f928efbdec7b6dd,sample.duke_haase.47314cbcf8ee11ea87a3acde48001122.experiment.duke_haase.ethanol_20200915_FLOW,Duke-YeastSTATES-Ethanol-Time-Series-LiveDeadClassification,experiment.duke_haase.ethanol_20200915_FLOW,duke_haase,1,e9ff91959bc77ccce3b62f5999da1ff74f3ec54f,"S288c_a | 22.0 | [3.0] | {""Ethanol"": [10.0], ""Media"": [""YEPD""]} | FLOW | NO_STANDARD_TYPE",S288c_a,S288c_Mat-A,,,,Ethanol,10.0,%,"['Ethanol|10.0|%', 'Media|YEPD|NA']",22.0,celsius,3.0,hour,,25,15-Sep-2020,NA,live_dead_ethanol_09152020,S288c,30000,16000,1875000.0
5f638c297f928efbdec7b6e3,sample.duke_haase.4731520cf8ee11ea87a3acde48001122.experiment.duke_haase.ethanol_20200915_FLOW,Duke-YeastSTATES-Ethanol-Time-Series-LiveDeadClassification,experiment.duke_haase.ethanol_20200915_FLOW,duke_haase,1,32affe214e22feb1631bc7fd495145aac290bb0c,"S288c_a | 22.0 | [3.5] | {""Ethanol"": [10.0], ""Media"": [""YEPD""]} | FLOW | NO_STANDARD_TYPE",S288c_a,S288c_Mat-A,,,,Ethanol,10.0,%,"['Ethanol|10.0|%', 'Media|YEPD|NA']",22.0,celsius,3.5,hour,,25,15-Sep-2020,NA,live_dead_ethanol_09152020,S288c,30000,16000,1875000.0
5f638c2a7f928efbdec7b6e9,sample.duke_haase.4731575cf8ee11ea87a3acde48001122.experiment.duke_haase.ethanol_20200915_FLOW,Duke-YeastSTATES-Ethanol-Time-Series-LiveDeadClassification,experiment.duke_haase.ethanol_20200915_FLOW,duke_haase,1,f35716f18854f892826b948060abbf3b0be1de52,"S288c_a | 22.0 | [4.0] | {""Ethanol"": [10.0], ""Media"": [""YEPD""]} | FLOW | NO_STANDARD_TYPE",S288c_a,S288c_Mat-A,,,,Ethanol,10.0,%,"['Ethanol|10.0|%', 'Media|YEPD|NA']",22.0,celsius,4.0,hour,,25,15-Sep-2020,NA,live_dead_ethanol_09152020,S288c,30000,15000,2000000.0
5f638c2a7f928efbdec7b6ef,sample.duke_haase.47315cb6f8ee11ea87a3acde48001122.experiment.duke_haase.ethanol_20200915_FLOW,Duke-YeastSTATES-Ethanol-Time-Series-LiveDeadClassification,experiment.duke_haase.ethanol_20200915_FLOW,duke_haase,1,b61b30b6206745af2820500a6d52d4e8b18777e4,"S288c_a | 22.0 | [4.5] | {""Ethanol"": [10.0], ""Media"": [""YEPD""]} | FLOW | NO_STANDARD_TYPE",S288c_a,S288c_Mat-A,,,,Ethanol,10.0,%,"['Ethanol|10.0|%', 'Media|YEPD|NA']",22.0,celsius,4.5,hour,,25,15-Sep-2020,NA,live_dead_ethanol_09152020,S288c,30000,15000,2000000.0
5f638c2b7f928efbdec7b6f5,sample.duke_haase.47316300f8ee11ea87a3acde48001122.experiment.duke_haase.ethanol_20200915_FLOW,Duke-YeastSTATES-Ethanol-Time-Series-LiveDeadClassification,experiment.duke_haase.ethanol_20200915_FLOW,duke_haase,1,8c4b44949165387fac6aa22e545997f4cee376d2,"S288c_a | 22.0 | [5.0] | {""Ethanol"": [10.0], ""Media"": [""YEPD""]} | FLOW | NO_STANDARD_TYPE",S288c_a,S288c_Mat-A,,,,Ethanol,10.0,%,"['Ethanol|10.0|%', 'Media|YEPD|NA']",22.0,celsius,5.0,hour,,100,15-Sep-2020,NA,live_dead_ethanol_09152020,S288c,30000,16000,1875000.0
5f638c223bcb85adfeeccf66,sample.duke_haase.473168faf8ee11ea87a3acde48001122.experiment.duke_haase.ethanol_20200915_FLOW,Duke-YeastSTATES-Ethanol-Time-Series-LiveDeadClassification,experiment.duke_haase.ethanol_20200915_FLOW,duke_haase,1,b56697c6eaa7710ccdf5bc7e12147ec23648fbe4,"S288c_a | 22.0 | [5.5] | {""Ethanol"": [10.0], ""Media"": [""YEPD""]} | FLOW | NO_STANDARD_TYPE",S288c_a,S288c_Mat-A,,,,Ethanol,10.0,%,"['Ethanol|10.0|%', 'Media|YEPD|NA']",22.0,celsius,5.5,hour,,100,15-Sep-2020,NA,live_dead_ethanol_09152020,S288c,30000,15000,2000000.0
5f638c2c7f928efbdec7b700,sample.duke_haase.47316e72f8ee11ea87a3acde48001122.experiment.duke_haase.ethanol_20200915_FLOW,Duke-YeastSTATES-Ethanol-Time-Series-LiveDeadClassification,experiment.duke_haase.ethanol_20200915_FLOW,duke_haase,1,bdaf2eb1b9b13d9a0951320b0909fc6b47dda552,"S288c_a | 22.0 | [6.0] | {""Ethanol"": [10.0], ""Media"": [""YEPD""]} | FLOW | NO_STANDARD_TYPE",S288c_a,S288c_Mat-A,,,,Ethanol,10.0,%,"['Ethanol|10.0|%', 'Media|YEPD|NA']",22.0,celsius,6.0,hour,,100,15-Sep-2020,NA,live_dead_ethanol_09152020,S288c,30000,17000,1764705.88235
5f638c2c7f928efbdec7b706,sample.duke_haase.4731abc6f8ee11ea87a3acde48001122.experiment.duke_haase.ethanol_20200915_FLOW,Duke-YeastSTATES-Ethanol-Time-Series-LiveDeadClassification,experiment.duke_haase.ethanol_20200915_FLOW,duke_haase,3,975162f96bc886f5a7e8e4f35d03e761b5d69744,"beads_spherotech_rainbow | 22.0 | [] | {""Media"": [""YEPD""]} | FLOW | BEAD_FLUORESCENCE",beads_spherotech_rainbow,Fluorescent_beads,BEAD_FLUORESCENCE,,,,,,['Media|YEPD|NA'],22.0,celsius,,,,100,15-Sep-2020,NA,live_dead_ethanol_09152020,BEADS,30000,79000,379746.83544
5f64cb5bc33e9407f6d2be84,sample.duke_haase.c92e098cf9b411ea9b37acde48001122.experiment.duke_haase.ethanol_20200916_FLOW,Duke-YeastSTATES-Ethanol-Time-Series-LiveDeadClassification,experiment.duke_haase.ethanol_20200916_FLOW,duke_haase,1,8d4ab8827afa81f5dd2234d14458f0939ed94cdc,"S288c_a | 22.0 | [0.5] | {""Ethanol"": [5.0], ""Media"": [""YEPD""], ""Sytox"": [250.0], ""Sytox_color"": [""orange""]} | FLOW | NO_STANDARD_TYPE",S288c_a,S288c_Mat-A,,,,Ethanol,5.0,%,"['Ethanol|5.0|%', 'Media|YEPD|NA', 'Sytox_color|orange|NA', 'Sytox|250.0|nM']",22.0,celsius,0.5,hour,,100,15-Sep-2020,NA,live_dead_ethanol_09162020,S288c,30000,18000,1666666.66667
5f64cb51edb09032753ef205,sample.duke_haase.c92e0fb8f9b411ea9b37acde48001122.experiment.duke_haase.ethanol_20200916_FLOW,Duke-YeastSTATES-Ethanol-Time-Series-LiveDeadClassification,experiment.duke_haase.ethanol_20200916_FLOW,duke_haase,1,783aa74da1bc87d72aaddc9107720dce2fbbe716,"S288c_a | 22.0 | [1.0] | {""Ethanol"": [5.0], ""Media"": [""YEPD""], ""Sytox"": [250.0], ""Sytox_color"": [""orange""]} | FLOW | NO_STANDARD_TYPE",S288c_a,S288c_Mat-A,,,,Ethanol,5.0,%,"['Ethanol|5.0|%', 'Media|YEPD|NA', 'Sytox_color|orange|NA', 'Sytox|250.0|nM']",22.0,celsius,1.0,hour,,25,15-Sep-2020,NA,live_dead_ethanol_09162020,S288c,30000,16000,1875000.0
5f64cb268c3742ab9bdab9b7,sample.duke_haase.c92e1558f9b411ea9b37acde48001122.experiment.duke_haase.ethanol_20200916_FLOW,Duke-YeastSTATES-Ethanol-Time-Series-LiveDeadClassification,experiment.duke_haase.ethanol_20200916_FLOW,duke_haase,1,177f2e696e5252159af8f4080280f355134359f9,"S288c_a | 22.0 | [1.5] | {""Ethanol"": [5.0], ""Media"": [""YEPD""], ""Sytox"": [250.0], ""Sytox_color"": [""orange""]} | FLOW | NO_STANDARD_TYPE",S288c_a,S288c_Mat-A,,,,Ethanol,5.0,%,"['Ethanol|5.0|%', 'Media|YEPD|NA', 'Sytox_color|orange|NA', 'Sytox|250.0|nM']",22.0,celsius,1.5,hour,,25,15-Sep-2020,NA,live_dead_ethanol_09162020,S288c,30000,15000,2000000.0
5f64cb210003ca17fa3ef792,sample.duke_haase.c92e1b20f9b411ea9b37acde48001122.experiment.duke_haase.ethanol_20200916_FLOW,Duke-YeastSTATES-Ethanol-Time-Series-LiveDeadClassification,experiment.duke_haase.ethanol_20200916_FLOW,duke_haase,1,570d08cdffc93d123d94e25ab2b609a60a7d2f3c,"S288c_a | 22.0 | [2.0] | {""Ethanol"": [5.0], ""Media"": [""YEPD""], ""Sytox"": [250.0], ""Sytox_color"": [""orange""]} | FLOW | NO_STANDARD_TYPE",S288c_a,S288c_Mat-A,,,,Ethanol,5.0,%,"['Ethanol|5.0|%', 'Media|YEPD|NA', 'Sytox_color|orange|NA', 'Sytox|250.0|nM']",22.0,celsius,2.0,hour,,100,15-Sep-2020,NA,live_dead_ethanol_09162020,S288c,30000,15000,2000000.0
5f64cb0cc2253359fbe74b67,sample.duke_haase.c92e208ef9b411ea9b37acde48001122.experiment.duke_haase.ethanol_20200916_FLOW,Duke-YeastSTATES-Ethanol-Time-Series-LiveDeadClassification,experiment.duke_haase.ethanol_20200916_FLOW,duke_haase,1,d4f414fc01b043458c35b1d4e92d73aa74dc1378,"S288c_a | 22.0 | [2.5] | {""Ethanol"": [5.0], ""Media"": [""YEPD""], ""Sytox"": [250.0], ""Sytox_color"": [""orange""]} | FLOW | NO_STANDARD_TYPE",S288c_a,S288c_Mat-A,,,,Ethanol,5.0,%,"['Ethanol|5.0|%', 'Media|YEPD|NA', 'Sytox_color|orange|NA', 'Sytox|250.0|nM']",22.0,celsius,2.5,hour,,100,15-Sep-2020,NA,live_dead_ethanol_09162020,S288c,30000,14000,2142857.14286
5f64cb69a8c12923d208aa45,sample.duke_haase.c92e25def9b411ea9b37acde48001122.experiment.duke_haase.ethanol_20200916_FLOW,Duke-YeastSTATES-Ethanol-Time-Series-LiveDeadClassification,experiment.duke_haase.ethanol_20200916_FLOW,duke_haase,1,356423a73120873ad240f459138e1157c87ceb3c,"S288c_a | 22.0 | [3.0] | {""Ethanol"": [5.0], ""Media"": [""YEPD""], ""Sytox"": [250.0], ""Sytox_color"": [""orange""]} | FLOW | NO_STANDARD_TYPE",S288c_a,S288c_Mat-A,,,,Ethanol,5.0,%,"['Ethanol|5.0|%', 'Media|YEPD|NA', 'Sytox_color|orange|NA', 'Sytox|250.0|nM']",22.0,celsius,3.0,hour,,25,15-Sep-2020,NA,live_dead_ethanol_09162020,S288c,30000,11000,2727272.72727
5f64cb6aa8c12923d208aa4b,sample.duke_haase.c92e2b2ef9b411ea9b37acde48001122.experiment.duke_haase.ethanol_20200916_FLOW,Duke-YeastSTATES-Ethanol-Time-Series-LiveDeadClassification,experiment.duke_haase.ethanol_20200916_FLOW,duke_haase,1,ec4e56e0627a48b8e2bdf333e1976d9dc6deaa93,"S288c_a | 22.0 | [3.5] | {""Ethanol"": [5.0], ""Media"": [""YEPD""], ""Sytox"": [250.0], ""Sytox_color"": [""orange""]} | FLOW | NO_STANDARD_TYPE",S288c_a,S288c_Mat-A,,,,Ethanol,5.0,%,"['Ethanol|5.0|%', 'Media|YEPD|NA', 'Sytox_color|orange|NA', 'Sytox|250.0|nM']",22.0,celsius,3.5,hour,,25,15-Sep-2020,NA,live_dead_ethanol_09162020,S288c,30000,9000,3333333.33333
5f64cb11e6e06042856ac10c,sample.duke_haase.c92e307ef9b411ea9b37acde48001122.experiment.duke_haase.ethanol_20200916_FLOW,Duke-YeastSTATES-Ethanol-Time-Series-LiveDeadClassification,experiment.duke_haase.ethanol_20200916_FLOW,duke_haase,1,dbeda4bbc2eec798769c536d1a0e6a3e5a1329e4,"S288c_a | 22.0 | [4.0] | {""Ethanol"": [5.0], ""Media"": [""YEPD""], ""Sytox"": [250.0], ""Sytox_color"": [""orange""]} | FLOW | NO_STANDARD_TYPE",S288c_a,S288c_Mat-A,,,,Ethanol,5.0,%,"['Ethanol|5.0|%', 'Media|YEPD|NA', 'Sytox_color|orange|NA', 'Sytox|250.0|nM']",22.0,celsius,4.0,hour,,100,15-Sep-2020,NA,live_dead_ethanol_09162020,S288c,30000,9000,3333333.33333
5f64cb6ba8c12923d208aa56,sample.duke_haase.c92e35e2f9b411ea9b37acde48001122.experiment.duke_haase.ethanol_20200916_FLOW,Duke-YeastSTATES-Ethanol-Time-Series-LiveDeadClassification,experiment.duke_haase.ethanol_20200916_FLOW,duke_haase,1,739afbcf65d796279a3a4c9a7d8266287e60612a,"S288c_a | 22.0 | [4.5] | {""Ethanol"": [5.0], ""Media"": [""YEPD""], ""Sytox"": [250.0], ""Sytox_color"": [""orange""]} | FLOW | NO_STANDARD_TYPE",S288c_a,S288c_Mat-A,,,,Ethanol,5.0,%,"['Ethanol|5.0|%', 'Media|YEPD|NA', 'Sytox_color|orange|NA', 'Sytox|250.0|nM']",22.0,celsius,4.5,hour,,100,15-Sep-2020,NA,live_dead_ethanol_09162020,S288c,30000,9000,3333333.33333
5f64cb6656c620cb3ab5e1a0,sample.duke_haase.c92e3b32f9b411ea9b37acde48001122.experiment.duke_haase.ethanol_20200916_FLOW,Duke-YeastSTATES-Ethanol-Time-Series-LiveDeadClassification,experiment.duke_haase.ethanol_20200916_FLOW,duke_haase,1,c48b990b646c3e33016b4281e3ab2f8cd19dc99f,"S288c_a | 22.0 | [5.0] | {""Ethanol"": [5.0], ""Media"": [""YEPD""], ""Sytox"": [250.0], ""Sytox_color"": [""orange""]} | FLOW | NO_STANDARD_TYPE",S288c_a,S288c_Mat-A,,,,Ethanol,5.0,%,"['Ethanol|5.0|%', 'Media|YEPD|NA', 'Sytox_color|orange|NA', 'Sytox|250.0|nM']",22.0,celsius,5.0,hour,,100,15-Sep-2020,NA,live_dead_ethanol_09162020,S288c,30000,8000,3750000.0
5f64cb31c1f73cfb0c1c598e,sample.duke_haase.c92e4078f9b411ea9b37acde48001122.experiment.duke_haase.ethanol_20200916_FLOW,Duke-YeastSTATES-Ethanol-Time-Series-LiveDeadClassification,experiment.duke_haase.ethanol_20200916_FLOW,duke_haase,1,e27d95f90c46771d3cc589b8acb3aa81b487ecfa,"S288c_a | 22.0 | [5.5] | {""Ethanol"": [5.0], ""Media"": [""YEPD""], ""Sytox"": [250.0], ""Sytox_color"": [""orange""]} | FLOW | NO_STANDARD_TYPE",S288c_a,S288c_Mat-A,,,,Ethanol,5.0,%,"['Ethanol|5.0|%', 'Media|YEPD|NA', 'Sytox_color|orange|NA', 'Sytox|250.0|nM']",22.0,celsius,5.5,hour,,100,15-Sep-2020,NA,live_dead_ethanol_09162020,S288c,30000,8000,3750000.0
5f64cb60a29e36736ed30563,sample.duke_haase.c92e45bef9b411ea9b37acde48001122.experiment.duke_haase.ethanol_20200916_FLOW,Duke-YeastSTATES-Ethanol-Time-Series-LiveDeadClassification,experiment.duke_haase.ethanol_20200916_FLOW,duke_haase,1,5a706a8475c06efbfd2b533dedec4c7c99909457,"S288c_a | 22.0 | [6.0] | {""Ethanol"": [5.0], ""Media"": [""YEPD""], ""Sytox"": [250.0], ""Sytox_color"": [""orange""]} | FLOW | NO_STANDARD_TYPE",S288c_a,S288c_Mat-A,,,,Ethanol,5.0,%,"['Ethanol|5.0|%', 'Media|YEPD|NA', 'Sytox_color|orange|NA', 'Sytox|250.0|nM']",22.0,celsius,6.0,hour,,100,15-Sep-2020,NA,live_dead_ethanol_09162020,S288c,30000,7000,4285714.28571
5f64cb06187fabcd46445740,sample.duke_haase.c92e4b04f9b411ea9b37acde48001122.experiment.duke_haase.ethanol_20200916_FLOW,Duke-YeastSTATES-Ethanol-Time-Series-LiveDeadClassification,experiment.duke_haase.ethanol_20200916_FLOW,duke_haase,1,57acc81d6fe91866216e3a42d6069b9a07cf38d0,"S288c_a | 22.0 | [0.5] | {""Ethanol"": [5.0], ""Media"": [""YEPD""]} | FLOW | NO_STANDARD_TYPE",S288c_a,S288c_Mat-A,,,,Ethanol,5.0,%,"['Ethanol|5.0|%', 'Media|YEPD|NA']",22.0,celsius,0.5,hour,,25,15-Sep-2020,NA,live_dead_ethanol_09162020,S288c,30000,17000,1764705.88235
5f64cb0113edeac4ba896e33,sample.duke_haase.c92e504af9b411ea9b37acde48001122.experiment.duke_haase.ethanol_20200916_FLOW,Duke-YeastSTATES-Ethanol-Time-Series-LiveDeadClassification,experiment.duke_haase.ethanol_20200916_FLOW,duke_haase,1,6351c5ddbdb1e91c68b41a9e4bbaab82d0fd0f12,"S288c_a | 22.0 | [1.0] | {""Ethanol"": [5.0], ""Media"": [""YEPD""]} | FLOW | NO_STANDARD_TYPE",S288c_a,S288c_Mat-A,,,,Ethanol,5.0,%,"['Ethanol|5.0|%', 'Media|YEPD|NA']",22.0,celsius,1.0,hour,,100,15-Sep-2020,NA,live_dead_ethanol_09162020,S288c,30000,17000,1764705.88235
5f64cb367805b1d53919ffca,sample.duke_haase.c92e5590f9b411ea9b37acde48001122.experiment.duke_haase.ethanol_20200916_FLOW,Duke-YeastSTATES-Ethanol-Time-Series-LiveDeadClassification,experiment.duke_haase.ethanol_20200916_FLOW,duke_haase,1,e1f3c1c6a2d9164f0f7933098d3f7f1cd3356059,"S288c_a | 22.0 | [1.5] | {""Ethanol"": [5.0], ""Media"": [""YEPD""]} | FLOW | NO_STANDARD_TYPE",S288c_a,S288c_Mat-A,,,,Ethanol,5.0,%,"['Ethanol|5.0|%', 'Media|YEPD|NA']",22.0,celsius,1.5,hour,,100,15-Sep-2020,NA,live_dead_ethanol_09162020,S288c,30000,16000,1875000.0
5f64cb16e2b8ace17153b61d,sample.duke_haase.c92e5ad6f9b411ea9b37acde48001122.experiment.duke_haase.ethanol_20200916_FLOW,Duke-YeastSTATES-Ethanol-Time-Series-LiveDeadClassification,experiment.duke_haase.ethanol_20200916_FLOW,duke_haase,1,81b8e66bc315edb268d918c18b0d50ad8541e4c4,"S288c_a | 22.0 | [2.0] | {""Ethanol"": [5.0], ""Media"": [""YEPD""]} | FLOW | NO_STANDARD_TYPE",S288c_a,S288c_Mat-A,,,,Ethanol,5.0,%,"['Ethanol|5.0|%', 'Media|YEPD|NA']",22.0,celsius,2.0,hour,,25,15-Sep-2020,NA,live_dead_ethanol_09162020,S288c,30000,14000,2142857.14286
5f64cb4cf1cd65bae0dfcceb,sample.duke_haase.c92e6026f9b411ea9b37acde48001122.experiment.duke_haase.ethanol_20200916_FLOW,Duke-YeastSTATES-Ethanol-Time-Series-LiveDeadClassification,experiment.duke_haase.ethanol_20200916_FLOW,duke_haase,1,531c5801ae3938b6793fe8ffd5ade9cffe277d11,"S288c_a | 22.0 | [2.5] | {""Ethanol"": [5.0], ""Media"": [""YEPD""]} | FLOW | NO_STANDARD_TYPE",S288c_a,S288c_Mat-A,,,,Ethanol,5.0,%,"['Ethanol|5.0|%', 'Media|YEPD|NA']",22.0,celsius,2.5,hour,,100,15-Sep-2020,NA,live_dead_ethanol_09162020,S288c,30000,14000,2142857.14286
5f64cb1b08f5e84db17a30ba,sample.duke_haase.c92e656cf9b411ea9b37acde48001122.experiment.duke_haase.ethanol_20200916_FLOW,Duke-YeastSTATES-Ethanol-Time-Series-LiveDeadClassification,experiment.duke_haase.ethanol_20200916_FLOW,duke_haase,1,e839bfe585b05603da04df32130bf7960fa3d192,"S288c_a | 22.0 | [3.0] | {""Ethanol"": [5.0], ""Media"": [""YEPD""]} | FLOW | NO_STANDARD_TYPE",S288c_a,S288c_Mat-A,,,,Ethanol,5.0,%,"['Ethanol|5.0|%', 'Media|YEPD|NA']",22.0,celsius,3.0,hour,,25,15-Sep-2020,NA,live_dead_ethanol_09162020,S288c,30000,11000,2727272.72727
5f64cb3c9f9fa6f6f9f2ccf7,sample.duke_haase.c92e6aeef9b411ea9b37acde48001122.experiment.duke_haase.ethanol_20200916_FLOW,Duke-YeastSTATES-Ethanol-Time-Series-LiveDeadClassification,experiment.duke_haase.ethanol_20200916_FLOW,duke_haase,1,a513c5594e23c233fc191f2e0db337f022cc978b,"S288c_a | 22.0 | [3.5] | {""Ethanol"": [5.0], ""Media"": [""YEPD""]} | FLOW | NO_STANDARD_TYPE",S288c_a,S288c_Mat-A,,,,Ethanol,5.0,%,"['Ethanol|5.0|%', 'Media|YEPD|NA']",22.0,celsius,3.5,hour,,100,15-Sep-2020,NA,live_dead_ethanol_09162020,S288c,30000,10000,3000000.0
5f64cb71a8c12923d208aa8e,sample.duke_haase.c92e703ef9b411ea9b37acde48001122.experiment.duke_haase.ethanol_20200916_FLOW,Duke-YeastSTATES-Ethanol-Time-Series-LiveDeadClassification,experiment.duke_haase.ethanol_20200916_FLOW,duke_haase,1,e82c5e59e1c59c62ba1c3e29c683dfe05240c8c8,"S288c_a | 22.0 | [4.0] | {""Ethanol"": [5.0], ""Media"": [""YEPD""]} | FLOW | NO_STANDARD_TYPE",S288c_a,S288c_Mat-A,,,,Ethanol,5.0,%,"['Ethanol|5.0|%', 'Media|YEPD|NA']",22.0,celsius,4.0,hour,,100,15-Sep-2020,NA,live_dead_ethanol_09162020,S288c,30000,9000,3333333.33333
5f64cb2b58a8f92e7b6e1fae,sample.duke_haase.c92e7584f9b411ea9b37acde48001122.experiment.duke_haase.ethanol_20200916_FLOW,Duke-YeastSTATES-Ethanol-Time-Series-LiveDeadClassification,experiment.duke_haase.ethanol_20200916_FLOW,duke_haase,1,9f4907b8865c2d3ec009f499d6ec05bfb83eaedd,"S288c_a | 22.0 | [4.5] | {""Ethanol"": [5.0], ""Media"": [""YEPD""]} | FLOW | NO_STANDARD_TYPE",S288c_a,S288c_Mat-A,,,,Ethanol,5.0,%,"['Ethanol|5.0|%', 'Media|YEPD|NA']",22.0,celsius,4.5,hour,,100,15-Sep-2020,NA,live_dead_ethanol_09162020,S288c,30000,9000,3333333.33333
5f64cb72a8c12923d208aa99,sample.duke_haase.c92e7acaf9b411ea9b37acde48001122.experiment.duke_haase.ethanol_20200916_FLOW,Duke-YeastSTATES-Ethanol-Time-Series-LiveDeadClassification,experiment.duke_haase.ethanol_20200916_FLOW,duke_haase,1,68f7dbefd5244628a9eed7c255bdb77eb02d5c79,"S288c_a | 22.0 | [5.0] | {""Ethanol"": [5.0], ""Media"": [""YEPD""]} | FLOW | NO_STANDARD_TYPE",S288c_a,S288c_Mat-A,,,,Ethanol,5.0,%,"['Ethanol|5.0|%', 'Media|YEPD|NA']",22.0,celsius,5.0,hour,,100,15-Sep-2020,NA,live_dead_ethanol_09162020,S288c,30000,8000,3750000.0
5f64cb56ba5c51dbf7e2c8e4,sample.duke_haase.c92e8010f9b411ea9b37acde48001122.experiment.duke_haase.ethanol_20200916_FLOW,Duke-YeastSTATES-Ethanol-Time-Series-LiveDeadClassification,experiment.duke_haase.ethanol_20200916_FLOW,duke_haase,1,7b448ab7011e1fd2c0f63f6226b9dd5957144278,"S288c_a | 22.0 | [5.5] | {""Ethanol"": [5.0], ""Media"": [""YEPD""]} | FLOW | NO_STANDARD_TYPE",S288c_a,S288c_Mat-A,,,,Ethanol,5.0,%,"['Ethanol|5.0|%', 'Media|YEPD|NA']",22.0,celsius,5.5,hour,,100,15-Sep-2020,NA,live_dead_ethanol_09162020,S288c,30000,7000,4285714.28571
5f64cb73a8c12923d208aaa4,sample.duke_haase.c92e8556f9b411ea9b37acde48001122.experiment.duke_haase.ethanol_20200916_FLOW,Duke-YeastSTATES-Ethanol-Time-Series-LiveDeadClassification,experiment.duke_haase.ethanol_20200916_FLOW,duke_haase,1,425840eea250d79b500e8768438b59198246f627,"S288c_a | 22.0 | [6.0] | {""Ethanol"": [5.0], ""Media"": [""YEPD""]} | FLOW | NO_STANDARD_TYPE",S288c_a,S288c_Mat-A,,,,Ethanol,5.0,%,"['Ethanol|5.0|%', 'Media|YEPD|NA']",22.0,celsius,6.0,hour,,100,15-Sep-2020,NA,live_dead_ethanol_09162020,S288c,30000,7000,4285714.28571
5f64cb46e30f0792c919430a,sample.duke_haase.c92ec23cf9b411ea9b37acde48001122.experiment.duke_haase.ethanol_20200916_FLOW,Duke-YeastSTATES-Ethanol-Time-Series-LiveDeadClassification,experiment.duke_haase.ethanol_20200916_FLOW,duke_haase,5,975162f96bc886f5a7e8e4f35d03e761b5d69744,"beads_spherotech_rainbow | 22.0 | [] | {""Media"": [""YEPD""]} | FLOW | BEAD_FLUORESCENCE",beads_spherotech_rainbow,Fluorescent_beads,BEAD_FLUORESCENCE,,,,,,['Media|YEPD|NA'],22.0,celsius,,,,100,15-Sep-2020,NA,live_dead_ethanol_09162020,BEADS,30000,81000,370370.37037
5f6cbc89d6bea7b2de24d983,sample.duke_haase.22ff917efe6a11eabc56acde48001122.experiment.duke_haase.ethanol_20200922_FLOW,Duke-YeastSTATES-Ethanol-Time-Series-LiveDeadClassification,experiment.duke_haase.ethanol_20200922_FLOW,duke_haase,1,7d6b80847125e4b03507bc6c5090eefd4b2e73cb,"S288c_a | 22.0 | [0.5] | {""Ethanol"": [20.0], ""Media"": [""YEPD""], ""Sytox"": [250.0], ""Sytox_color"": [""orange""]} | FLOW | NO_STANDARD_TYPE",S288c_a,S288c_Mat-A,,,,Ethanol,20.0,%,"['Ethanol|20.0|%', 'Media|YEPD|NA', 'Sytox_color|orange|NA', 'Sytox|250.0|nM']",22.0,celsius,0.5,hour,,100,22-Sep-2020,NA,live_dead_ethanol_09222020,S288c,30000,22000,1363636.36364
5f6cbc79b345b4860d2a1bf1,sample.duke_haase.22ff987cfe6a11eabc56acde48001122.experiment.duke_haase.ethanol_20200922_FLOW,Duke-YeastSTATES-Ethanol-Time-Series-LiveDeadClassification,experiment.duke_haase.ethanol_20200922_FLOW,duke_haase,1,c86b1403645bbd952c22eebe5cdf4580e67204df,"S288c_a | 22.0 | [1.0] | {""Ethanol"": [20.0], ""Media"": [""YEPD""], ""Sytox"": [250.0], ""Sytox_color"": [""orange""]} | FLOW | NO_STANDARD_TYPE",S288c_a,S288c_Mat-A,,,,Ethanol,20.0,%,"['Ethanol|20.0|%', 'Media|YEPD|NA', 'Sytox_color|orange|NA', 'Sytox|250.0|nM']",22.0,celsius,1.0,hour,,25,22-Sep-2020,NA,live_dead_ethanol_09222020,S288c,30000,22000,1363636.36364
5f6cbc25bcbc89e907f4b745,sample.duke_haase.22ff9de0fe6a11eabc56acde48001122.experiment.duke_haase.ethanol_20200922_FLOW,Duke-YeastSTATES-Ethanol-Time-Series-LiveDeadClassification,experiment.duke_haase.ethanol_20200922_FLOW,duke_haase,1,8c8263427cdea1065a3e0a7f178f628a48a3a2d1,"S288c_a | 22.0 | [1.5] | {""Ethanol"": [20.0], ""Media"": [""YEPD""], ""Sytox"": [250.0], ""Sytox_color"": [""orange""]} | FLOW | NO_STANDARD_TYPE",S288c_a,S288c_Mat-A,,,,Ethanol,20.0,%,"['Ethanol|20.0|%', 'Media|YEPD|NA', 'Sytox_color|orange|NA', 'Sytox|250.0|nM']",22.0,celsius,1.5,hour,,100,22-Sep-2020,NA,live_dead_ethanol_09222020,S288c,30000,19000,1578947.36842
5f6cbc9f33b09dd07b80dee7,sample.duke_haase.22ffa33afe6a11eabc56acde48001122.experiment.duke_haase.ethanol_20200922_FLOW,Duke-YeastSTATES-Ethanol-Time-Series-LiveDeadClassification,experiment.duke_haase.ethanol_20200922_FLOW,duke_haase,1,6a40992fe1b59c77286b590fffbb28eb3bd41107,"S288c_a | 22.0 | [2.0] | {""Ethanol"": [20.0], ""Media"": [""YEPD""], ""Sytox"": [250.0], ""Sytox_color"": [""orange""]} | FLOW | NO_STANDARD_TYPE",S288c_a,S288c_Mat-A,,,,Ethanol,20.0,%,"['Ethanol|20.0|%', 'Media|YEPD|NA', 'Sytox_color|orange|NA', 'Sytox|250.0|nM']",22.0,celsius,2.0,hour,,100,22-Sep-2020,NA,live_dead_ethanol_09222020,S288c,30000,22000,1363636.36364
5f6cbc9383b0073904132730,sample.duke_haase.22ffa880fe6a11eabc56acde48001122.experiment.duke_haase.ethanol_20200922_FLOW,Duke-YeastSTATES-Ethanol-Time-Series-LiveDeadClassification,experiment.duke_haase.ethanol_20200922_FLOW,duke_haase,1,6caf83092bf60e760b90f712dee031508b23d0e7,"S288c_a | 22.0 | [2.5] | {""Ethanol"": [20.0], ""Media"": [""YEPD""], ""Sytox"": [250.0], ""Sytox_color"": [""orange""]} | FLOW | NO_STANDARD_TYPE",S288c_a,S288c_Mat-A,,,,Ethanol,20.0,%,"['Ethanol|20.0|%', 'Media|YEPD|NA', 'Sytox_color|orange|NA', 'Sytox|250.0|nM']",22.0,celsius,2.5,hour,,100,22-Sep-2020,NA,live_dead_ethanol_09222020,S288c,30000,24000,1250000.0
5f6cbc44969bf886193d75a2,sample.duke_haase.22ffadd0fe6a11eabc56acde48001122.experiment.duke_haase.ethanol_20200922_FLOW,Duke-YeastSTATES-Ethanol-Time-Series-LiveDeadClassification,experiment.duke_haase.ethanol_20200922_FLOW,duke_haase,1,977007d02ef724bd20a1f86a8588d0faea4c44ee,"S288c_a | 22.0 | [3.0] | {""Ethanol"": [20.0], ""Media"": [""YEPD""], ""Sytox"": [250.0], ""Sytox_color"": [""orange""]} | FLOW | NO_STANDARD_TYPE",S288c_a,S288c_Mat-A,,,,Ethanol,20.0,%,"['Ethanol|20.0|%', 'Media|YEPD|NA', 'Sytox_color|orange|NA', 'Sytox|250.0|nM']",22.0,celsius,3.0,hour,,100,22-Sep-2020,NA,live_dead_ethanol_09222020,S288c,30000,23000,1304347.82609
5f6cbc2a630a93414387b3ff,sample.duke_haase.22ffb316fe6a11eabc56acde48001122.experiment.duke_haase.ethanol_20200922_FLOW,Duke-YeastSTATES-Ethanol-Time-Series-LiveDeadClassification,experiment.duke_haase.ethanol_20200922_FLOW,duke_haase,1,2d882f84c4557e57db8653b099503e46724f35d4,"S288c_a | 22.0 | [3.5] | {""Ethanol"": [20.0], ""Media"": [""YEPD""], ""Sytox"": [250.0], ""Sytox_color"": [""orange""]} | FLOW | NO_STANDARD_TYPE",S288c_a,S288c_Mat-A,,,,Ethanol,20.0,%,"['Ethanol|20.0|%', 'Media|YEPD|NA', 'Sytox_color|orange|NA', 'Sytox|250.0|nM']",22.0,celsius,3.5,hour,,100,22-Sep-2020,NA,live_dead_ethanol_09222020,S288c,30000,22000,1363636.36364
5f6cbc7f7bc9b6cc0cdd4f6b,sample.duke_haase.22ffb8a2fe6a11eabc56acde48001122.experiment.duke_haase.ethanol_20200922_FLOW,Duke-YeastSTATES-Ethanol-Time-Series-LiveDeadClassification,experiment.duke_haase.ethanol_20200922_FLOW,duke_haase,1,bf4a6f69099dc5136bd3619052136d9834a1a3c7,"S288c_a | 22.0 | [4.0] | {""Ethanol"": [20.0], ""Media"": [""YEPD""], ""Sytox"": [250.0], ""Sytox_color"": [""orange""]} | FLOW | NO_STANDARD_TYPE",S288c_a,S288c_Mat-A,,,,Ethanol,20.0,%,"['Ethanol|20.0|%', 'Media|YEPD|NA', 'Sytox_color|orange|NA', 'Sytox|250.0|nM']",22.0,celsius,4.0,hour,,100,22-Sep-2020,NA,live_dead_ethanol_09222020,S288c,30000,23000,1304347.82609
5f6cbc6f81b3edfc5a842ffc,sample.duke_haase.22ffbed8fe6a11eabc56acde48001122.experiment.duke_haase.ethanol_20200922_FLOW,Duke-YeastSTATES-Ethanol-Time-Series-LiveDeadClassification,experiment.duke_haase.ethanol_20200922_FLOW,duke_haase,1,6f4ace5e874881ba800d0d731d3b68530bec97fd,"S288c_a | 22.0 | [4.5] | {""Ethanol"": [20.0], ""Media"": [""YEPD""], ""Sytox"": [250.0], ""Sytox_color"": [""orange""]} | FLOW | NO_STANDARD_TYPE",S288c_a,S288c_Mat-A,,,,Ethanol,20.0,%,"['Ethanol|20.0|%', 'Media|YEPD|NA', 'Sytox_color|orange|NA', 'Sytox|250.0|nM']",22.0,celsius,4.5,hour,,100,22-Sep-2020,NA,live_dead_ethanol_09222020,S288c,30000,24000,1250000.0
5f6cbc3a3f44e38f9adf4d59,sample.duke_haase.22ffc43cfe6a11eabc56acde48001122.experiment.duke_haase.ethanol_20200922_FLOW,Duke-YeastSTATES-Ethanol-Time-Series-LiveDeadClassification,experiment.duke_haase.ethanol_20200922_FLOW,duke_haase,1,714ee6d34086eeaccf4f8afbe36ffa31e798cdf0,"S288c_a | 22.0 | [5.0] | {""Ethanol"": [20.0], ""Media"": [""YEPD""], ""Sytox"": [250.0], ""Sytox_color"": [""orange""]} | FLOW | NO_STANDARD_TYPE",S288c_a,S288c_Mat-A,,,,Ethanol,20.0,%,"['Ethanol|20.0|%', 'Media|YEPD|NA', 'Sytox_color|orange|NA', 'Sytox|250.0|nM']",22.0,celsius,5.0,hour,,100,22-Sep-2020,NA,live_dead_ethanol_09222020,S288c,30000,24000,1250000.0
5f6cbc99f8dbe7afefe7652f,sample.duke_haase.22ffc98cfe6a11eabc56acde48001122.experiment.duke_haase.ethanol_20200922_FLOW,Duke-YeastSTATES-Ethanol-Time-Series-LiveDeadClassification,experiment.duke_haase.ethanol_20200922_FLOW,duke_haase,1,3a3b84b076660a276c6cc8ffedc9759b69ad73ec,"S288c_a | 22.0 | [5.5] | {""Ethanol"": [20.0], ""Media"": [""YEPD""], ""Sytox"": [250.0], ""Sytox_color"": [""orange""]} | FLOW | NO_STANDARD_TYPE",S288c_a,S288c_Mat-A,,,,Ethanol,20.0,%,"['Ethanol|20.0|%', 'Media|YEPD|NA', 'Sytox_color|orange|NA', 'Sytox|250.0|nM']",22.0,celsius,5.5,hour,,100,22-Sep-2020,NA,live_dead_ethanol_09222020,S288c,30000,23000,1304347.82609
5f6cbc541499b91c30224f6e,sample.duke_haase.22ffcedcfe6a11eabc56acde48001122.experiment.duke_haase.ethanol_20200922_FLOW,Duke-YeastSTATES-Ethanol-Time-Series-LiveDeadClassification,experiment.duke_haase.ethanol_20200922_FLOW,duke_haase,1,99875cd930cd4835977a009abfd45e28aadcf8b2,"S288c_a | 22.0 | [6.0] | {""Ethanol"": [20.0], ""Media"": [""YEPD""], ""Sytox"": [250.0], ""Sytox_color"": [""orange""]} | FLOW | NO_STANDARD_TYPE",S288c_a,S288c_Mat-A,,,,Ethanol,20.0,%,"['Ethanol|20.0|%', 'Media|YEPD|NA', 'Sytox_color|orange|NA', 'Sytox|250.0|nM']",22.0,celsius,6.0,hour,,100,22-Sep-2020,NA,live_dead_ethanol_09222020,S288c,30000,22000,1363636.36364
5f6cbc6560841878566be447,sample.duke_haase.22ffd490fe6a11eabc56acde48001122.experiment.duke_haase.ethanol_20200922_FLOW,Duke-YeastSTATES-Ethanol-Time-Series-LiveDeadClassification,experiment.duke_haase.ethanol_20200922_FLOW,duke_haase,1,2193f3f30aadc87670f20bc58bd2f27366a13f3c,"S288c_a | 22.0 | [0.5] | {""Ethanol"": [20.0], ""Media"": [""YEPD""]} | FLOW | NO_STANDARD_TYPE",S288c_a,S288c_Mat-A,,,,Ethanol,20.0,%,"['Ethanol|20.0|%', 'Media|YEPD|NA']",22.0,celsius,0.5,hour,,100,22-Sep-2020,NA,live_dead_ethanol_09222020,S288c,30000,21000,1428571.42857
5f6cbc4f04607ccd469b6822,sample.duke_haase.22ffda9efe6a11eabc56acde48001122.experiment.duke_haase.ethanol_20200922_FLOW,Duke-YeastSTATES-Ethanol-Time-Series-LiveDeadClassification,experiment.duke_haase.ethanol_20200922_FLOW,duke_haase,1,98758c9b6d02ff1a29377576abd1191814ffa522,"S288c_a | 22.0 | [1.0] | {""Ethanol"": [20.0], ""Media"": [""YEPD""]} | FLOW | NO_STANDARD_TYPE",S288c_a,S288c_Mat-A,,,,Ethanol,20.0,%,"['Ethanol|20.0|%', 'Media|YEPD|NA']",22.0,celsius,1.0,hour,,100,22-Sep-2020,NA,live_dead_ethanol_09222020,S288c,30000,23000,1304347.82609
5f6cbca94744149a46d702b5,sample.duke_haase.22ffe2dcfe6a11eabc56acde48001122.experiment.duke_haase.ethanol_20200922_FLOW,Duke-YeastSTATES-Ethanol-Time-Series-LiveDeadClassification,experiment.duke_haase.ethanol_20200922_FLOW,duke_haase,1,bc4bdf00df5e9bbe07265f317f9ccdf09dcd760d,"S288c_a | 22.0 | [1.5] | {""Ethanol"": [20.0], ""Media"": [""YEPD""]} | FLOW | NO_STANDARD_TYPE",S288c_a,S288c_Mat-A,,,,Ethanol,20.0,%,"['Ethanol|20.0|%', 'Media|YEPD|NA']",22.0,celsius,1.5,hour,,100,22-Sep-2020,NA,live_dead_ethanol_09222020,S288c,30000,23000,1304347.82609
5f6cbc354e501a3459efa446,sample.duke_haase.22ffe8aefe6a11eabc56acde48001122.experiment.duke_haase.ethanol_20200922_FLOW,Duke-YeastSTATES-Ethanol-Time-Series-LiveDeadClassification,experiment.duke_haase.ethanol_20200922_FLOW,duke_haase,1,1a5538addfeb58917be2c4f7034ef6464cf8845d,"S288c_a | 22.0 | [2.0] | {""Ethanol"": [20.0], ""Media"": [""YEPD""]} | FLOW | NO_STANDARD_TYPE",S288c_a,S288c_Mat-A,,,,Ethanol,20.0,%,"['Ethanol|20.0|%', 'Media|YEPD|NA']",22.0,celsius,2.0,hour,,100,22-Sep-2020,NA,live_dead_ethanol_09222020,S288c,30000,22000,1363636.36364
5f6cbc4a47d095602cbbc214,sample.duke_haase.22ffef0cfe6a11eabc56acde48001122.experiment.duke_haase.ethanol_20200922_FLOW,Duke-YeastSTATES-Ethanol-Time-Series-LiveDeadClassification,experiment.duke_haase.ethanol_20200922_FLOW,duke_haase,1,d3c42c983c86bc0e17b8252ed68e9e596b3ca7af,"S288c_a | 22.0 | [2.5] | {""Ethanol"": [20.0], ""Media"": [""YEPD""]} | FLOW | NO_STANDARD_TYPE",S288c_a,S288c_Mat-A,,,,Ethanol,20.0,%,"['Ethanol|20.0|%', 'Media|YEPD|NA']",22.0,celsius,2.5,hour,,100,22-Sep-2020,NA,live_dead_ethanol_09222020,S288c,30000,22000,1363636.36364
5f6cbc3081bcf3314f703751,sample.duke_haase.22fff6befe6a11eabc56acde48001122.experiment.duke_haase.ethanol_20200922_FLOW,Duke-YeastSTATES-Ethanol-Time-Series-LiveDeadClassification,experiment.duke_haase.ethanol_20200922_FLOW,duke_haase,1,a428b41ac825308a6553e9b7f72c511761282e40,"S288c_a | 22.0 | [3.0] | {""Ethanol"": [20.0], ""Media"": [""YEPD""]} | FLOW | NO_STANDARD_TYPE",S288c_a,S288c_Mat-A,,,,Ethanol,20.0,%,"['Ethanol|20.0|%', 'Media|YEPD|NA']",22.0,celsius,3.0,hour,,100,22-Sep-2020,NA,live_dead_ethanol_09222020,S288c,30000,23000,1304347.82609
5f6cbc6ad3b70bd6565ee122,sample.duke_haase.22fffc86fe6a11eabc56acde48001122.experiment.duke_haase.ethanol_20200922_FLOW,Duke-YeastSTATES-Ethanol-Time-Series-LiveDeadClassification,experiment.duke_haase.ethanol_20200922_FLOW,duke_haase,1,69bbdf38a278834b1e2523b24d5474d17506f5e1,"S288c_a | 22.0 | [3.5] | {""Ethanol"": [20.0], ""Media"": [""YEPD""]} | FLOW | NO_STANDARD_TYPE",S288c_a,S288c_Mat-A,,,,Ethanol,20.0,%,"['Ethanol|20.0|%', 'Media|YEPD|NA']",22.0,celsius,3.5,hour,,100,22-Sep-2020,NA,live_dead_ethanol_09222020,S288c,30000,23000,1304347.82609
5f6cbc1fb75a656f2c2d9110,sample.duke_haase.230001fefe6a11eabc56acde48001122.experiment.duke_haase.ethanol_20200922_FLOW,Duke-YeastSTATES-Ethanol-Time-Series-LiveDeadClassification,experiment.duke_haase.ethanol_20200922_FLOW,duke_haase,1,e8947749906a5509f164c70665438970c41e2fbd,"S288c_a | 22.0 | [4.0] | {""Ethanol"": [20.0], ""Media"": [""YEPD""]} | FLOW | NO_STANDARD_TYPE",S288c_a,S288c_Mat-A,,,,Ethanol,20.0,%,"['Ethanol|20.0|%', 'Media|YEPD|NA']",22.0,celsius,4.0,hour,,100,22-Sep-2020,NA,live_dead_ethanol_09222020,S288c,30000,23000,1304347.82609
5f6cbc7415d4beb14407f00c,sample.duke_haase.23000758fe6a11eabc56acde48001122.experiment.duke_haase.ethanol_20200922_FLOW,Duke-YeastSTATES-Ethanol-Time-Series-LiveDeadClassification,experiment.duke_haase.ethanol_20200922_FLOW,duke_haase,1,0b2ae7025e68d200ecb9821575a80927aa3704d6,"S288c_a | 22.0 | [4.5] | {""Ethanol"": [20.0], ""Media"": [""YEPD""]} | FLOW | NO_STANDARD_TYPE",S288c_a,S288c_Mat-A,,,,Ethanol,20.0,%,"['Ethanol|20.0|%', 'Media|YEPD|NA']",22.0,celsius,4.5,hour,,100,22-Sep-2020,NA,live_dead_ethanol_09222020,S288c,30000,23000,1304347.82609
5f6cbc5ee905d8b702c5db7e,sample.duke_haase.23000ca8fe6a11eabc56acde48001122.experiment.duke_haase.ethanol_20200922_FLOW,Duke-YeastSTATES-Ethanol-Time-Series-LiveDeadClassification,experiment.duke_haase.ethanol_20200922_FLOW,duke_haase,1,0fc790e770a22905a6e8328f25db24387df66927,"S288c_a | 22.0 | [5.0] | {""Ethanol"": [20.0], ""Media"": [""YEPD""]} | FLOW | NO_STANDARD_TYPE",S288c_a,S288c_Mat-A,,,,Ethanol,20.0,%,"['Ethanol|20.0|%', 'Media|YEPD|NA']",22.0,celsius,5.0,hour,,100,22-Sep-2020,NA,live_dead_ethanol_09222020,S288c,30000,23000,1304347.82609
5f6cbc59437b5941e95977b7,sample.duke_haase.230011eefe6a11eabc56acde48001122.experiment.duke_haase.ethanol_20200922_FLOW,Duke-YeastSTATES-Ethanol-Time-Series-LiveDeadClassification,experiment.duke_haase.ethanol_20200922_FLOW,duke_haase,1,472b5397f451e738c684192079db0d04dd378774,"S288c_a | 22.0 | [5.5] | {""Ethanol"": [20.0], ""Media"": [""YEPD""]} | FLOW | NO_STANDARD_TYPE",S288c_a,S288c_Mat-A,,,,Ethanol,20.0,%,"['Ethanol|20.0|%', 'Media|YEPD|NA']",22.0,celsius,5.5,hour,,100,22-Sep-2020,NA,live_dead_ethanol_09222020,S288c,30000,23000,1304347.82609
5f6cbc844405bcbf31652de7,sample.duke_haase.2300173efe6a11eabc56acde48001122.experiment.duke_haase.ethanol_20200922_FLOW,Duke-YeastSTATES-Ethanol-Time-Series-LiveDeadClassification,experiment.duke_haase.ethanol_20200922_FLOW,duke_haase,1,7f4bcaa4fd2bd6c1537f9fc16e4a0ba73adce46d,"S288c_a | 22.0 | [6.0] | {""Ethanol"": [20.0], ""Media"": [""YEPD""]} | FLOW | NO_STANDARD_TYPE",S288c_a,S288c_Mat-A,,,,Ethanol,20.0,%,"['Ethanol|20.0|%', 'Media|YEPD|NA']",22.0,celsius,6.0,hour,,100,22-Sep-2020,NA,live_dead_ethanol_09222020,S288c,30000,22000,1363636.36364
5f6cbc3fa0cbbe256711688c,sample.duke_haase.23004efcfe6a11eabc56acde48001122.experiment.duke_haase.ethanol_20200922_FLOW,Duke-YeastSTATES-Ethanol-Time-Series-LiveDeadClassification,experiment.duke_haase.ethanol_20200922_FLOW,duke_haase,2,975162f96bc886f5a7e8e4f35d03e761b5d69744,"beads_spherotech_rainbow | 22.0 | [] | {""Media"": [""YEPD""]} | FLOW | BEAD_FLUORESCENCE",beads_spherotech_rainbow,Fluorescent_beads,BEAD_FLUORESCENCE,,,,,,['Media|YEPD|NA'],22.0,celsius,,,,100,22-Sep-2020,NA,live_dead_ethanol_09222020,BEADS,30000,87000,344827.58621
